stock_code,stock_name,stock_full_name,category
03041,1TECH,ONETECH SOLUTIONS HOLDINGS BERHAD,TECHNOLOGY
0012,3A,THREE-A RESOURCES BHD,CONSUMER PRODUCTS & SERVICES
7054,AASIA,ASTRAL ASIA BHD,PLANTATION
5238,AAX,AIRASIA X BERHAD,CONSUMER PRODUCTS & SERVICES
7167,ABLEGLOB,ABLE GLOBAL BERHAD,CONSUMER PRODUCTS & SERVICES
7086,ABLEGRP,ABLEGROUP BERHAD,INDUSTRIAL PRODUCTS & SERVICES
2488,ABMB,ALLIANCE BANK MALAYSIA BERHAD,FINANCIAL SERVICES
7131,ACME,ACME HOLDINGS BERHAD,PROPERTY
0218,ACO,ACO GROUP BERHAD,INDUSTRIAL PRODUCTS & SERVICES
0276,ADB,AUTOCOUNT DOTCOM BERHAD,TECHNOLOGY
5281,ADVCON,ADVANCECON HOLDINGS BERHAD,CONSTRUCTION
7191,ADVENTA,ADVENTA BHD,HEALTH CARE
7146,AEM,AE MULTI HOLDINGS BHD,INDUSTRIAL PRODUCTS & SERVICES
0181,AEMULUS,AEMULUS HOLDINGS BERHAD,TECHNOLOGY
6599,AEON,AEON CO. (M) BHD,CONSUMER PRODUCTS & SERVICES
5139,AEONCR,AEON CREDIT SERVICE (M) BHD,FINANCIAL SERVICES
5185,AFFIN,AFFIN BANK BERHAD,FINANCIAL SERVICES
5198,AFUJIYA,ABM FUJIYA BERHAD,INDUSTRIAL PRODUCTS & SERVICES
7145,AGES,AGESON BERHAD,CONSTRUCTION
7145OR,AGES-OR,AGESON BERHAD - ORDINARY RIGHTS,CONSTRUCTION
7145PA,AGES-PA,AGESON BERHAD - ICPS 2020/2030,CONSTRUCTION
0258,AGMO,AGMO HOLDINGS BERHAD,TECHNOLOGY
0299,AGX,AGX GROUP BERHAD,TRANSPORTATION & LOGISTICS
7315,AHB,AHB HOLDINGS BHD,CONSUMER PRODUCTS & SERVICES
7090,AHEALTH,APEX HEALTHCARE BHD,HEALTH CARE
0122,AIM,ADVANCE INFORMATION MARKETING,INDUSTRIAL PRODUCTS & SERVICES
0209,AIMFLEX,AIMFLEX BERHAD,TECHNOLOGY
5014,AIRPORT,MALAYSIA AIRPORTS HOLDINGS BHD,TRANSPORTATION & LOGISTICS
2658,AJI,AJINOMOTO (M) BHD,CONSUMER PRODUCTS & SERVICES
7609,AJIYA,AJIYA BHD,INDUSTRIAL PRODUCTS & SERVICES
5115,ALAM,ALAM MARITIM RESOURCES BHD,ENERGY
5116,ALAQAR,AL-AQAR HEALTHCARE REIT,REAL ESTATE INVESTMENT TRUSTS
2674,ALCOM,ALCOM GROUP BERHAD,INDUSTRIAL PRODUCTS & SERVICES
1163,ALLIANZ,ALLIANZ MALAYSIA BHD,FINANCIAL SERVICES
1163PA,ALLIANZ-PA,ALLIANZ MALAYSIA BHD-ICPS,FINANCIAL SERVICES
0303,ALPHA,ALPHA IVF GROUP BERHAD,HEALTH CARE
0079,ALRICH,ALDRICH RESOURCES BERHAD,TECHNOLOGY
5269,ALSREIT,AL-SALAM REAL ESTATE INVESTMENT TRUST,REAL ESTATE INVESTMENT TRUSTS
1015,AMBANK,AMMB HOLDINGS BHD,FINANCIAL SERVICES
5293,AME,AME ELITE CONSORTIUM BERHAD,CONSTRUCTION
5307,AMEREIT,AME REAL ESTATE INVESTMENT TRUST,REAL ESTATE INVESTMENT TRUSTS
5120,AMFIRST,AMFIRST REITS,REAL ESTATE INVESTMENT TRUSTS
03011,AMLEX,AMLEX HOLDINGS BERHAD,TECHNOLOGY
1007,AMPROP,AMCORP PROPERTIES BERHAD,PROPERTY
7031,AMTEL,AMTEL HOLDINGS BHD,TELECOMMUNICATIONS & MEDIA
6351,AMWAY,AMWAY (M) HOLDINGS BHD,CONSUMER PRODUCTS & SERVICES
7083,ANALABS,ANALABS RESOURCES BHD,INDUSTRIAL PRODUCTS & SERVICES
0048,ANCOMLB,ANCOM LOGISTICS BERHAD,TRANSPORTATION & LOGISTICS
4758,ANCOMNY,ANCOM NYLEX BERHAD,INDUSTRIAL PRODUCTS & SERVICES
0226,ANEKA,ANEKA JARINGAN HOLDINGS BERHAD,CONSTRUCTION
6556,ANNJOO,ANN JOO RESOURCES BHD,INDUSTRIAL PRODUCTS & SERVICES
6556PA,ANNJOO-PA,ANN JOO RESOURCES BERHAD-REDEEMABLE CONVERTIBLE CUMULATIVE PREFERENCE SHARES 2016/2024,INDUSTRIAL PRODUCTS & SERVICES
5082,ANNUM,ANNUM BERHAD,INDUSTRIAL PRODUCTS & SERVICES
5082OR,ANNUM-OR,ANNUM BERHAD - ORDINARY RIGHTS,INDUSTRIAL PRODUCTS & SERVICES
9342,ANZO,ANZO HOLDINGS BERHAD,INDUSTRIAL PRODUCTS & SERVICES
03051,AORB,ALPHA OCEAN RESOURCES BERHAD,CONSUMER PRODUCTS & SERVICES
5568,APB,APB RESOURCES BHD,INDUSTRIAL PRODUCTS & SERVICES
5088,APEX,APEX EQUITY HOLDINGS BHD,FINANCIAL SERVICES
5015,APM,APM AUTOMOTIVE HOLDINGS BHD,INDUSTRIAL PRODUCTS & SERVICES
6432,APOLLO,APOLLO FOOD HOLDINGS BHD,CONSUMER PRODUCTS & SERVICES
0119,APPASIA,APPASIA BERHAD,TECHNOLOGY
7214,ARANK,A-RANK BHD,INDUSTRIAL PRODUCTS & SERVICES
7181,ARBB,ARB BERHAD,TECHNOLOGY
7181OR,ARBB-OR,ARB BERHAD - ORDINARY RIGHTS,TECHNOLOGY
7181PA,ARBB-PA,ARB BERHAD - IRREDEEMABLE CONVERTIBLE PREFERENCE SHARES 2019/2024,TECHNOLOGY
7007,ARK,ARK RESOURCES HOLDINGS BERHAD,PROPERTY
7218,ARKA,ARKA BERHAD,TRANSPORTATION & LOGISTICS
5210,ARMADA,BUMI ARMADA BERHAD,ENERGY
5127,ARREIT,AMANAHRAYA REITS,REAL ESTATE INVESTMENT TRUSTS
0038,ARTRONIQ,ARTRONIQ BERHAD,INDUSTRIAL PRODUCTS & SERVICES
1481,ASB,ADVANCE SYNERGY BHD,CONSUMER PRODUCTS & SERVICES
1481OR,ASB-OR,ADVANCE SYNERGY BERHAD - ORDINARY RIGHTS,CONSUMER PRODUCTS & SERVICES
0068,ASDION,ASDION BHD,TECHNOLOGY
7722,ASIABRN,ASIA BRANDS BERHAD,CONSUMER PRODUCTS & SERVICES
7129,ASIAFLE,ASIA FILE CORPORATION BHD,CONSUMER PRODUCTS & SERVICES
4057,ASIAPAC,ASIAN PAC HOLDINGS BHD,PROPERTY
0105,ASIAPLY,ASIA POLY HOLDINGS BHD,INDUSTRIAL PRODUCTS & SERVICES
0105PA,ASIAPLY-PA,ASIA POLY HOLDINGS BERHAD - ICPS A 2017/2022,INDUSTRIAL PRODUCTS & SERVICES
7020,ASTEEL,ASTEEL GROUP BERHAD,INDUSTRIAL PRODUCTS & SERVICES
7162,ASTINO,ASTINO BHD,INDUSTRIAL PRODUCTS & SERVICES
03032,ASTRA,ASTRAMINA GROUP BERHAD,CONSUMER PRODUCTS & SERVICES
6399,ASTRO,ASTRO MALAYSIA HOLDINGS BERHAD,TELECOMMUNICATIONS & MEDIA
0072,AT,AT SYSTEMATIZATION BHD,INDUSTRIAL PRODUCTS & SERVICES
8176,ATAIMS,ATA IMS BERHAD,INDUSTRIAL PRODUCTS & SERVICES
5302,ATECH,AURELIUS TECHNOLOGIES BERHAD,INDUSTRIAL PRODUCTS & SERVICES
7048,ATLAN,ATLAN HOLDINGS BHD,CONSUMER PRODUCTS & SERVICES
5130,ATRIUM,ATRIUM REITS,REAL ESTATE INVESTMENT TRUSTS
7099PA,ATTA-PA,ATTA GLOBAL GROUP BERHAD - IRREDEEMABLE CONVERTIBLE PREFERENCE SHARES 2017/2022,INDUSTRIAL PRODUCTS & SERVICES
5025,AURO,AURO HOLDINGS BERHAD,INDUSTRIAL PRODUCTS & SERVICES
03037,AURORA,AURORA ITALIA INTERNATIONAL BERHAD,CONSUMER PRODUCTS & SERVICES
5182,AVALAND,AVALAND BERHAD,PROPERTY
8885,AVI,AVILLION BERHAD,CONSUMER PRODUCTS & SERVICES
5204,AWANTEC,AWANBIRU TECHNOLOGY BERHAD,TECHNOLOGY
7579,AWC,AWC BERHAD,INDUSTRIAL PRODUCTS & SERVICES
6888,AXIATA,AXIATA GROUP BERHAD,TELECOMMUNICATIONS & MEDIA
5106,AXREIT,AXIS REITS,REAL ESTATE INVESTMENT TRUSTS
7120,AXTERIA,AXTERIA GROUP BERHAD,PROPERTY
2305,AYER,AYER HOLDINGS BERHAD,PROPERTY
5021,AYS,AYS VENTURES BHD,INDUSTRIAL PRODUCTS & SERVICES
7078,AZRB,AHMAD ZAKI RESOURCES BHD,CONSTRUCTION
03012,BABA,BABA ECO GROUP BERHAD,CONSUMER PRODUCTS & SERVICES
0098,BAHVEST,BAHVEST RESOURCES BERHAD,INDUSTRIAL PRODUCTS & SERVICES
7251,BARAKAH,BARAKAH OFFSHORE PETROLEUM BHD,ENERGY
4162,BAT,BRITISH AMERICAN TOBACCO (M),CONSUMER PRODUCTS & SERVICES
5248,BAUTO,BERMAZ AUTO BERHAD,CONSUMER PRODUCTS & SERVICES
6602,BCB,BCB BHD,PROPERTY
0187,BCMALL,BCM ALLIANCE BERHAD,INDUSTRIAL PRODUCTS & SERVICES
6173,BDB,BINA DARULAMAN BHD,PROPERTY
5190,BENALEC,BENALEC HOLDINGS BERHAD,CONSTRUCTION
9814,BERTAM,BERTAM ALLIANCE BHD,PROPERTY
7668,BESHOM,BESHOM HOLDINGS BERHAD,CONSUMER PRODUCTS & SERVICES
0263,BETA,BETAMEK BERHAD,INDUSTRIAL PRODUCTS & SERVICES
8133,BHIC,BOUSTEAD HEAVY INDUSTRIES CORP,TRANSPORTATION & LOGISTICS
7005,BIG,B.I.G. INDUSTRIES BHD,INDUSTRIAL PRODUCTS & SERVICES
5258,BIMB,BANK ISLAM MALAYSIA BERHAD,FINANCIAL SERVICES
0195,BINACOM,BINASAT COMMUNICATIONS BERHAD,TELECOMMUNICATIONS & MEDIA
6998,BINTAI,BINTAI KINDEN CORPORATION BHD,INDUSTRIAL PRODUCTS & SERVICES
0179,BIOHLDG,BIOALPHA HOLDINGS BERHAD,CONSUMER PRODUCTS & SERVICES
0179PA,BIOHLDG-PA,BIOALPHA HOLDINGS BERHAD - IRREDEEMABLE CONVERTIBLE PREFERENCE SHARES (ICPS) 2021/2026,CONSUMER PRODUCTS & SERVICES
5032,BIPORT,BINTULU PORT HOLDINGS BHD,TRANSPORTATION & LOGISTICS
3239,BJASSET,BERJAYA ASSETS BERHAD,PROPERTY
3395,BJCORP,BERJAYA CORPORATION BHD,INDUSTRIAL PRODUCTS & SERVICES
5196,BJFOOD,BERJAYA FOOD BERHAD,CONSUMER PRODUCTS & SERVICES
4219,BJLAND,BERJAYA LAND BHD,CONSUMER PRODUCTS & SERVICES
1899,BKAWAN,BATU KAWAN BHD,PLANTATION
5069,BLDPLNT,BLD PLANTATION BHD,PLANTATION
0168,BMGREEN,BM GREENTECH BERHAD,INDUSTRIAL PRODUCTS & SERVICES
7195,BNASTRA,BINASTRA CORPORATION BERHAD,CONSTRUCTION
7195OR,BNASTRA-OR,BINASTRA CORPORATION BERHAD - ORDINARY RIGHTS,CONSTRUCTION
9288,BONIA,BONIA CORPORATION BHD,CONSUMER PRODUCTS & SERVICES
7036,BORNOIL,BORNEO OIL BHD,INDUSTRIAL PRODUCTS & SERVICES
6297,BOXPAK,BOX-PAK (MALAYSIA) BHD,INDUSTRIAL PRODUCTS & SERVICES
5254,BPLANT,BOUSTEAD PLANTATIONS BHD,PLANTATION
5100,BPPLAS,BP PLASTICS HOLDING BHD,INDUSTRIAL PRODUCTS & SERVICES
5932,BPURI,BINA PURI HOLDINGS BHD,CONSTRUCTION
5932OR,BPURI-OR,BINA PURI HOLDINGS BHD - ORDINARY RIGHTS,CONSTRUCTION
9474,BRAHIMS,BRAHIMS HOLDINGS BERHAD,CONSUMER PRODUCTS & SERVICES
8761,BREM,BREM HOLDINGS BHD,CONSTRUCTION
9938,BRIGHT,BRIGHT PACKAGING INDUSTRY BHD,INDUSTRIAL PRODUCTS & SERVICES
7221,BSLCORP,BSL CORPORATION BERHAD,INDUSTRIAL PRODUCTS & SERVICES
7221OR,BSLCORP-OR,BSL CORPORATION BERHAD - ORDINARY RIGHTS,INDUSTRIAL PRODUCTS & SERVICES
2771,BSTEAD,BOUSTEAD HOLDINGS BHD,INDUSTRIAL PRODUCTS & SERVICES
0011,BTECH,BRITE-TECH BHD,UTILITIES
7188,BTM,BTM RESOURCES BHD,INDUSTRIAL PRODUCTS & SERVICES
7188OR,BTM-OR,BTM RESOURCES BERHAD - ORDINARY RIGHTS,INDUSTRIAL PRODUCTS & SERVICES
1818,BURSA,BURSA MALAYSIA BHD,FINANCIAL SERVICES
03042,BVLH,BV LAND HOLDINGS BERHAD,CONSTRUCTION
7174,CAB,CAB CAKARAN CORPORATION BHD,CONSUMER PRODUCTS & SERVICES
0191,CABNET,CABNET HOLDINGS BERHAD,TECHNOLOGY
7128,CAMRES,CAM RESOURCES BHD,CONSUMER PRODUCTS & SERVICES
5105,CANONE,CAN-ONE BHD,INDUSTRIAL PRODUCTS & SERVICES
5229,CAP,CHINA AUTOMOBILE PARTS HLD LTD,INDUSTRIAL PRODUCTS & SERVICES
5099,CAPITALA,CAPITAL A BERHAD,CONSUMER PRODUCTS & SERVICES
0163,CAREPLS,CAREPLUS GROUP BERHAD,HEALTH CARE
5257,CARIMIN,CARIMIN PETROLEUM BERHAD,ENERGY
2836,CARLSBG,CARLSBERG BREWERY MALAYSIA BHD,CONSUMER PRODUCTS & SERVICES
03048,CARZO,CARZO HOLDINGS BERHAD,CONSUMER PRODUCTS & SERVICES
0173,CATCHA,CATCHA DIGITAL BERHAD,TELECOMMUNICATIONS & MEDIA
0173OR,CATCHA-OR,CATCHA DIGITAL BERHAD - ORDINARY RIGHTS,TELECOMMUNICATIONS & MEDIA
7076,CBIP,CB INDUSTRIAL PRODUCT HOLDING,INDUSTRIAL PRODUCTS & SERVICES
2925,CCB,CYCLE & CARRIAGE BINTANG BHD,CONSUMER PRODUCTS & SERVICES
03053,CCIB,CC INTERNATIONAL BERHAD,CONSUMER PRODUCTS & SERVICES
7035,CCK,CCK CONSOLIDATED HOLDINGS BHD,CONSUMER PRODUCTS & SERVICES
6947,CDB,CELCOMDIGI BERHAD,TELECOMMUNICATIONS & MEDIA
5311,CEB,CAPE EMS BERHAD,INDUSTRIAL PRODUCTS & SERVICES
0238,CEKD,CEKD BERHAD,INDUSTRIAL PRODUCTS & SERVICES
0243,CENGILD,CENGILD MEDICAL BERHAD,HEALTH CARE
5195,CENSOF,CENSOF HOLDINGS BERHAD,TECHNOLOGY
8982,CEPAT,CEPATWAWASAN GROUP BHD,PLANTATION
8435,CEPCO,CONCRETE ENGINEERING PRODUCTS,INDUSTRIAL PRODUCTS & SERVICES
03024,CETECH,CE TECHNOLOGY BERHAD,INDUSTRIAL PRODUCTS & SERVICES
8044,CFM,COMPUTER FORMS (M) BHD,INDUSTRIAL PRODUCTS & SERVICES
8052,CGB,CENTRAL GLOBAL BERHAD,INDUSTRIAL PRODUCTS & SERVICES
0291,CHB,CRITICAL HOLDINGS BERHAD,INDUSTRIAL PRODUCTS & SERVICES
7209,CHEETAH,CHEETAH HOLDINGS BHD,CONSUMER PRODUCTS & SERVICES
7187,CHGP,CHIN HIN GROUP PROPERTY BERHAD,TRANSPORTATION & LOGISTICS
5738,CHHB,COUNTRY HEIGHTS HOLDINGS BHD,PROPERTY
5273,CHINHIN,CHIN HIN GROUP BERHAD,INDUSTRIAL PRODUCTS & SERVICES
1929,CHINTEK,CHIN TECK PLANTATIONS BHD,PLANTATION
5007,CHINWEL,CHIN WELL HOLDINGS BHD,INDUSTRIAL PRODUCTS & SERVICES
5797,CHOOBEE,CHOO BEE METAL INDUSTRIES BHD,INDUSTRIAL PRODUCTS & SERVICES
7016,CHUAN,CHUAN HUAT RESOURCES BHD,INDUSTRIAL PRODUCTS & SERVICES
2828,CIHLDG,C.I. HOLDINGS BHD,CONSUMER PRODUCTS & SERVICES
1023,CIMB,CIMB GROUP HOLDINGS BERHAD,FINANCIAL SERVICES
7245,CITAGLB,CITAGLOBAL BERHAD,INDUSTRIAL PRODUCTS & SERVICES
7245PA,CITAGLB-PA,CITAGLOBAL BERHAD - IRREDEEMABLE CONVERTIBLE PREFERENCE SHARES 2021/2031,INDUSTRIAL PRODUCTS & SERVICES
7117,CJCEN,CJ CENTURY LOGISTICS HOLDINGS BERHAD,TRANSPORTATION & LOGISTICS
7154,CLASSITA,CLASSITA HOLDINGS BERHAD,CONSUMER PRODUCTS & SERVICES
7154OR,CLASSITA-OR,CLASSITA HOLDINGS BERHAD - ORDINARY RIGHTS,CONSUMER PRODUCTS & SERVICES
5180,CLMT,CAPITALAND MALAYSIA TRUST,REAL ESTATE INVESTMENT TRUSTS
03001,CLOUD,CLOUDARON GROUP BERHAD,TECHNOLOGY
0277,CLOUDPT,CLOUDPOINT TECHNOLOGY BERHAD,TECHNOLOGY
7018,CME,CME GROUP BHD,INDUSTRIAL PRODUCTS & SERVICES
2852,CMSB,CAHYA MATA SARAWAK BHD,INDUSTRIAL PRODUCTS & SERVICES
7986,CNASIA,CN ASIA CORPORATION BHD,INDUSTRIAL PRODUCTS & SERVICES
0246,CNERGEN,CNERGENZ BERHAD,TECHNOLOGY
5104,CNH,CITRA NUSA HOLDINGS BERHAD,CONSUMER PRODUCTS & SERVICES
5188,CNOUHUA,CHINA OUHUA WINERY HLDGS LTD,CONSUMER PRODUCTS & SERVICES
5071,COASTAL,COASTAL CONTRACTS BHD,ENERGY
7205,COCOLND,COCOALAND HOLDINGS BHD,CONSUMER PRODUCTS & SERVICES
2127,COMFORT,COMFORT GLOVES BERHAD,INDUSTRIAL PRODUCTS & SERVICES
5037,COMPUGT,COMPUGATES HOLDINGS BHD,INDUSTRIAL PRODUCTS & SERVICES
0240,CORAZA,CORAZA INTEGRATED TECHNOLOGY BERHAD,INDUSTRIAL PRODUCTS & SERVICES
0261,COSMOS,COSMOS TECHNOLOGY INTERNATIONAL BERHAD,INDUSTRIAL PRODUCTS & SERVICES
5317,CPETECH,CPE TECHNOLOGY BERHAD,INDUSTRIAL PRODUCTS & SERVICES
8591,CRESBLD,CREST BUILDER HOLDINGS BHD,CONSTRUCTION
6718,CRESNDO,CRESCENDO CORPORATION BHD,PROPERTY
03016,CRG,CARLO RINO GROUP BERHAD,CONSUMER PRODUCTS & SERVICES
5094,CSCSTEL,CSC STEEL HOLDINGS BERHAD,INDUSTRIAL PRODUCTS & SERVICES
7165OR,CSH-OR,CSH ALLIANCE BERHAD - ORDINARY RIGHTS,INDUSTRIAL PRODUCTS & SERVICES
03035,CTIB,COSMOS TECHNOLOGY INTERNATIONAL BERHAD,INDUSTRIAL PRODUCTS & SERVICES
5301,CTOS,CTOS DIGITAL BERHAD,TECHNOLOGY
0051,CUSCAPI,CUSCAPI BHD,TECHNOLOGY
5049,CVIEW,COUNTRY VIEW BHD,PROPERTY
9423,CWG,CWG HOLDINGS BERHAD,CONSUMER PRODUCTS & SERVICES
5166,CYBERE,CYBERJAYA EDUCATION GROUP BERHAD,CONSUMER PRODUCTS & SERVICES
7157,CYL,CYL CORPORATION BHD,INDUSTRIAL PRODUCTS & SERVICES
5184,CYPARK,CYPARK RESOURCES BERHAD,INDUSTRIAL PRODUCTS & SERVICES
7204,D&O,D & O GREEN TECHNOLOGIES BERHAD,TECHNOLOGY
5276,DANCO,DANCOMECH HOLDINGS BERHAD,INDUSTRIAL PRODUCTS & SERVICES
8338,DATAPRP,DATAPREP HOLDINGS BHD,TECHNOLOGY
0281,DAY3,DAYTHREE DIGITAL BERHAD,CONSUMER PRODUCTS & SERVICES
5141,DAYANG,DAYANG ENTERPRISE HOLDINGS BHD,ENERGY
3484,DBHD,DAMANSARA HOLDINGS BERHAD,PROPERTY
0283,DCHCARE,DC HEALTHCARE HOLDINGS BERHAD,HEALTH CARE
5132,DELEUM,DELEUM BHD,ENERGY
7212,DESTINI,DESTINI BERHAD,INDUSTRIAL PRODUCTS & SERVICES
7212OR,DESTINI-OR,DESTINI BERHAD - ORDINARY RIGHTS,INDUSTRIAL PRODUCTS & SERVICES
5165,DFCITY,DFCITY GROUP BERHAD,INDUSTRIAL PRODUCTS & SERVICES
0131,DFX,DIVFEX BERHAD,TECHNOLOGY
0152,DGB,DGB ASIA BERHAD,TECHNOLOGY
7277,DIALOG,DIALOG GROUP BHD,ENERGY
0029,DIGISTA,DIGISTAR CORPORATION BHD,TECHNOLOGY
7528,DKLS,DKLS INDUSTRIES BHD,CONSTRUCTION
5908,DKSH,DKSH HOLDINGS(M)BHD,CONSUMER PRODUCTS & SERVICES
3026,DLADY,DUTCH LADY MILK INDUSTRIES BHD,CONSUMER PRODUCTS & SERVICES
4456,DNEX,DAGANG NEXCHANGE BERHAD,TECHNOLOGY
7114,DNONCE,DNONCE TECHNOLOGY BHD,INDUSTRIAL PRODUCTS & SERVICES
7114OR,DNONCE-OR,D'NONCE TECHNOLOGY BHD - ORDINARY RIGHTS,INDUSTRIAL PRODUCTS & SERVICES
5835,DOLMITE,DOLOMITE CORPORATION BHD,INDUSTRIAL PRODUCTS & SERVICES
5265,DOLPHIN,DOLPHIN INTERNATIONAL BERHAD,INDUSTRIAL PRODUCTS & SERVICES
7169,DOMINAN,DOMINANT ENTERPRISE BHD,INDUSTRIAL PRODUCTS & SERVICES
7148,DPHARMA,DUOPHARMA BIOTECH BERHAD,HEALTH CARE
0205,DPIH,DPI HOLDINGS BERHAD,CONSUMER PRODUCTS & SERVICES
7198,DPS,DPS RESOURCES BHD,PROPERTY
1619,DRBHCOM,DRB-HICOM BHD,CONSUMER PRODUCTS & SERVICES
5216,DSONIC,DATASONIC GROUP BERHAD,TECHNOLOGY
03055,DSR,DSR TAIKO BERHAD,PLANTATION
0269,DSS,DS SIGMA HOLDINGS BERHAD,INDUSTRIAL PRODUCTS & SERVICES
7233,DUFU,DUFU TECHNOLOGY CORP. BHD,INDUSTRIAL PRODUCTS & SERVICES
3948,DUTALND,DUTALAND BHD,PLANTATION
5318,DXN,DXN HOLDINGS BHD.,CONSUMER PRODUCTS & SERVICES
03046,DYNAFNT,DYNAFRONT HOLDINGS BERHAD,TECHNOLOGY
03058,DYNAMIC,TOTAL DYNAMIC HOLDINGS BERHAD,TECHNOLOGY
3417,E&O,EASTERN & ORIENTAL BHD,PROPERTY
0154,EAH,EA HOLDINGS BERHAD,TECHNOLOGY
2097OR,EASTLND-OR,EASTLAND EQUITY BHD - ORDINARY RIGHTS,CONSUMER PRODUCTS & SERVICES
5259,EATECH,E.A.TECHNIQUE (M) BERHAD,TRANSPORTATION & LOGISTICS
0267,ECA,ECA INTEGRATED SOLUTION BERHAD,TECHNOLOGY
2143,ECM,ECM LIBRA GROUP BERHAD,FINANCIAL SERVICES
3557,ECOFIRS,ECOFIRST CONSOLIDATED BHD,PROPERTY
0059,ECOHLDS,ECOBUILT HOLDINGS BERHAD,TELECOMMUNICATIONS & MEDIA
0239,ECOMATE,ECOMATE HOLDINGS BERHAD,CONSUMER PRODUCTS & SERVICES
5253,ECONBHD,ECONPILE HOLDINGS BHD,CONSTRUCTION
8206,ECOWLD,ECO WORLD DEVELOPMENT GROUP BERHAD,PROPERTY
5036,EDARAN,EDARAN BHD,TECHNOLOGY
0278,EDELTEQ,EDELTEQ HOLDINGS BERHAD,TECHNOLOGY
7471,EDEN,EDEN INC. BHD,UTILITIES
1368,EDGENTA,UEM EDGENTA BERHAD,INDUSTRIAL PRODUCTS & SERVICES
0107,EDUSPEC,EDUSPEC HOLDINGS BERHAD,TECHNOLOGY
0064,EFFICEN,EFFICIENT E-SOLUTIONS BHD,INDUSTRIAL PRODUCTS & SERVICES
0065,EFORCE,EXCEL FORCE MSC BHD,TECHNOLOGY
0227,EFRAME,ECONFRAME BERHAD,INDUSTRIAL PRODUCTS & SERVICES
8907,EG,EG INDUSTRIES BHD,INDUSTRIAL PRODUCTS & SERVICES
8907PA,EG-PA,EG INDUSTRIES BERHAD - REDEEMABLE CONVERTIBLE PREFERENCE SHARES 2017/2022,INDUSTRIAL PRODUCTS & SERVICES
0255,EIB,ECOSCIENCE INTERNATIONAL BERHAD,INDUSTRIAL PRODUCTS & SERVICES
5081,EIG,ESTHETICS INTERNATIONAL GROUP,CONSUMER PRODUCTS & SERVICES
5208,EITA,EITA RESOURCES BERHAD,INDUSTRIAL PRODUCTS & SERVICES
8877,EKOVEST,EKOVEST BHD,CONSTRUCTION
9016,EKSONS,EKSONS CORPORATION BHD,INDUSTRIAL PRODUCTS & SERVICES
5228,ELKDESA,ELK-DESA RESOURCES BERHAD,FINANCIAL SERVICES
0090,ELSOFT,ELSOFT RESEARCH BHD,TECHNOLOGY
0286,EMCC,EVERGREEN MAX CASH CAPITAL BERHAD,FINANCIAL SERVICES
7217,EMETALL,EONMETALL GROUP BHD,INDUSTRIAL PRODUCTS & SERVICES
9091,EMICO,EMICO HOLDINGS BHD,CONSUMER PRODUCTS & SERVICES
6076,ENCORP,ENCORP BHD,PROPERTY
03025,ENEST,ENEST GROUP BERHAD,CONSUMER PRODUCTS & SERVICES
7149,ENGKAH,ENG KAH CORPORATION BHD,CONSUMER PRODUCTS & SERVICES
5056,ENGTEX,ENGTEX GROUP BHD,INDUSTRIAL PRODUCTS & SERVICES
8613,ENRA,ENRA GROUP BERHAD,PROPERTY
4847,EPICON,EPICON BERHAD,CONSUMER PRODUCTS & SERVICES
7773,EPMB,EP MANUFACTURING BHD,INDUSTRIAL PRODUCTS & SERVICES
0190,ESAFE,EVERSAFE RUBBER BERHAD,INDUSTRIAL PRODUCTS & SERVICES
0100,ESCERAM,ES CERAMICS TECHNOLOGY BHD,INDUSTRIAL PRODUCTS & SERVICES
03021,ETH,EQUITIESTRACKER HOLDINGS BERHAD,CONSUMER PRODUCTS & SERVICES
6815,EUPE,EUPE CORPORATION BHD,PROPERTY
7208,EURO,EURO HOLDINGS BHD,CONSUMER PRODUCTS & SERVICES
7094,EUROSP,EUROSPAN HOLDINGS BHD,CONSUMER PRODUCTS & SERVICES
0174,EVD,EVD BERHAD,TECHNOLOGY
0174PA,EVD-PA,EVD BERHAD - REDEEMABLE CONVERTIBLE PREFERENCE SHARES A 2022/2032,TECHNOLOGY
5101,EVERGRN,EVERGREEN FIBREBOARD BHD,INDUSTRIAL PRODUCTS & SERVICES
7249,EWEIN,EWEIN BERHAD,PROPERTY
5283,EWINT,ECO WORLD INTERNATIONAL BERHAD,PROPERTY
3689,F&N,FRASER & NEAVE HOLDINGS BHD,CONSUMER PRODUCTS & SERVICES
2984,FACBIND,FACB INDUSTRIES INCORPORATED,INDUSTRIAL PRODUCTS & SERVICES
7047,FAJAR,FAJARBARU BUILDER GRP BHD,CONSTRUCTION
7047OR,FAJAR-OR,FAJARBARU BUILDER GROUP BHD - ORDINARY RIGHTS,CONSTRUCTION
5029,FAREAST,FAR EAST HOLDINGS BHD,PLANTATION
6041,FARLIM,FARLIM GROUP (M) BHD,PROPERTY
0084,FAST,FAST ENERGY HOLDINGS BERHAD,INDUSTRIAL PRODUCTS & SERVICES
7229,FAVCO,FAVELLE FAVCO BHD,INDUSTRIAL PRODUCTS & SERVICES
03026,FBBHD,FIBROMAT (M) BERHAD,INDUSTRIAL PRODUCTS & SERVICES
2755,FCW,FCW HOLDINGS BHD,CONSUMER PRODUCTS & SERVICES
5322,FEYTECH,FEYTECH HOLDINGS BERHAD,INDUSTRIAL PRODUCTS & SERVICES
5306,FFB,FARM FRESH BERHAD,CONSUMER PRODUCTS & SERVICES
5222,FGV,FGV HOLDINGS BERHAD,PLANTATION
6939,FIAMMA,FIAMMA HOLDINGS BHD,CONSUMER PRODUCTS & SERVICES
0149,FIBON,FIBON BERHAD,INDUSTRIAL PRODUCTS & SERVICES
8605,FIHB,FEDERAL INTERNATIONAL HOLDINGS BERHAD,CONSUMER PRODUCTS & SERVICES
8605PA,FIHB-PA,FEDERAL INTERNATIONAL HOLDINGS BERHAD - RCPS 16/26,CONSUMER PRODUCTS & SERVICES
8605PB,FIHB-PB,FEDERAL INTERNATIONAL HOLDINGS BERHAD - RCPS 18/28,CONSUMER PRODUCTS & SERVICES
3107,FIMACOR,FIMA CORPORATION BHD,INDUSTRIAL PRODUCTS & SERVICES
0150,FINTEC,FINTEC GLOBAL BERHAD,FINANCIAL SERVICES
0150PA,FINTEC-PA,FINTEC GLOBAL BERHAD - ICPS A 2017/2027,FINANCIAL SERVICES
9318,FITTERS,FITTERS DIVERSIFIED BHD,INDUSTRIAL PRODUCTS & SERVICES
9318OR,FITTERS-OR,FITTERS DIVERSIFIED BERHAD - ORDINARY RIGHTS,INDUSTRIAL PRODUCTS & SERVICES
5197,FLBHD,FOCUS LUMBER BERHAD,INDUSTRIAL PRODUCTS & SERVICES
0231,FLEXI,FLEXIDYNAMIC HOLDINGS BERHAD,INDUSTRIAL PRODUCTS & SERVICES
7210,FM,FM GLOBAL LOGISTICS HOLDINGS BERHAD,TRANSPORTATION & LOGISTICS
0116,FOCUS,FOCUS DYNAMICS GROUP BERHAD,CONSUMER PRODUCTS & SERVICES
0116PA,FOCUS-PA,FOCUS DYNAMICS GROUP BERHAD - IRREDEEMABLE CONVERTIBLE PREFERENCE SHARES 2020/2030,CONSUMER PRODUCTS & SERVICES
0157,FOCUSP,FOCUS POINT HOLDINGS BERHAD,CONSUMER PRODUCTS & SERVICES
5277,FPGROUP,FOUNDPAC GROUP BERHAD,INDUSTRIAL PRODUCTS & SERVICES
0304,FPHB,FARM PRICE HOLDINGS BERHAD,CONSUMER PRODUCTS & SERVICES
9172,FPI,FORMOSA PROSONIC INDUSTRIES,CONSUMER PRODUCTS & SERVICES
0128,FRONTKN,FRONTKEN CORPORATION BHD,TECHNOLOGY
9377,FSBM,FSBM HOLDINGS BHD,TECHNOLOGY
7184,G3,G3 GLOBAL BERHAD,CONSUMER PRODUCTS & SERVICES
9261,GADANG,GADANG HOLDINGS BHD,CONSTRUCTION
5398,GAMUDA,GAMUDA BHD,CONSTRUCTION
5209,GASMSIA,GAS MALAYSIA BERHAD,UTILITIES
9148,GBAY,GREATER BAY HOLDINGS BERHAD,INDUSTRIAL PRODUCTS & SERVICES
5226,GBGAQRS,GABUNGAN AQRS BERHAD,CONSTRUCTION
7676,GCAP,G CAPITAL BERHAD,TRANSPORTATION & LOGISTICS
5102,GCB,GUAN CHONG BHD,CONSUMER PRODUCTS & SERVICES
5592,GCE,GRAND CENTRAL ENTERPRISES BHD,CONSUMER PRODUCTS & SERVICES
0198,GDB,GDB HOLDINGS BERHAD,CONSTRUCTION
0078,GDEX,GDEX BERHAD,TRANSPORTATION & LOGISTICS
0104,GENETEC,GENETEC TECHNOLOGY BERHAD,TECHNOLOGY
4715,GENM,GENTING MALAYSIA BERHAD,CONSUMER PRODUCTS & SERVICES
2291,GENP,GENTING PLANTATIONS BERHAD,PLANTATION
3182,GENTING,GENTING BHD,CONSUMER PRODUCTS & SERVICES
7197,GESHEN,GE-SHEN CORPORATION BHD,INDUSTRIAL PRODUCTS & SERVICES
0039,GFM,GFM SERVICES BERHAD,INDUSTRIAL PRODUCTS & SERVICES
0021,GHLSYS,GHL SYSTEMS BHD,TECHNOLOGY
7192,GIIB,GIIB HOLDINGS BERHAD,INDUSTRIAL PRODUCTS & SERVICES
3204,GKENT,GEORGE KENT (M) BHD,CONSTRUCTION
7382,GLBHD,GOLDEN LAND BERHAD,PLANTATION
5020,GLOMAC,GLOMAC BHD,PROPERTY
5220,GLOTEC,GLOBALTEC FORMATION BERHAD,INDUSTRIAL PRODUCTS & SERVICES
0284,GLXT,GLOSTREXT BERHAD,INDUSTRIAL PRODUCTS & SERVICES
9962,GMUTUAL,GROMUTUAL BHD,PROPERTY
1147,GOB,GLOBAL ORIENTAL BERHAD,PROPERTY
0074,GOCEAN,GREEN OCEAN CORPORATION BERHAD,CONSUMER PRODUCTS & SERVICES
03028,GOINNO,GO INNOVATE ASIA BERHAD,INDUSTRIAL PRODUCTS & SERVICES
2135,GOPENG,GOPENG BHD,PLANTATION
0082,GPACKET,GREEN PACKET BHD,TELECOMMUNICATIONS & MEDIA
5649,GPHAROS,GOLDEN PHAROS BHD,INDUSTRIAL PRODUCTS & SERVICES
03029,GPP,GPP RESOURCES BERHAD,INDUSTRIAL PRODUCTS & SERVICES
0208,GREATEC,GREATECH TECHNOLOGY BERHAD,TECHNOLOGY
0136,GREENYB,GREENYIELD BHD,CONSUMER PRODUCTS & SERVICES
7022,GTRONIC,GLOBETRONICS TECHNOLOGY BHD,TECHNOLOGY
3247,GUH,GUH HOLDINGS BHD,INDUSTRIAL PRODUCTS & SERVICES
1503,GUOCO,GUOCOLAND (MALAYSIA) BHD,PROPERTY
0237,HAILY,HAILY GROUP BERHAD,CONSTRUCTION
7253,HANDAL,HANDAL ENERGY BERHAD,ENERGY
3034,HAPSENG,HAP SENG CONSOLIDATED BHD,INDUSTRIAL PRODUCTS & SERVICES
2062,HARBOUR,HARBOUR-LINK GROUP BHD,TRANSPORTATION & LOGISTICS
5008,HARISON,HARRISONS HOLDINGS (M) BHD,CONSUMER PRODUCTS & SERVICES
7501,HARNLEN,HARN LEN CORPORATION BHD,PLANTATION
5168,HARTA,HARTALEGA HOLDINGS BHD,HEALTH CARE
5187,HBGLOB,HB GLOBAL LIMITED,CONSUMER PRODUCTS & SERVICES
7105,HCK,HCK CAPITAL GROUP BERHAD,PROPERTY
0296,HEGROUP,HE GROUP BERHAD,INDUSTRIAL PRODUCTS & SERVICES
3255,HEIM,HEINEKEN MALAYSIA BERHAD,CONSUMER PRODUCTS & SERVICES
5121,HEKTAR,HEKTAR REITS,REAL ESTATE INVESTMENT TRUSTS
4324,HENGYUAN,HENGYUAN REFINING COMPANY BERHAD,ENERGY
5095,HEVEA,HEVEABOARD BHD,INDUSTRIAL PRODUCTS & SERVICES
0035,HEXCAP,HEXTAR CAPITAL BERHAD,TELECOMMUNICATIONS & MEDIA
7803,HEXCARE,HEXTAR HEALTHCARE BERHAD,HEALTH CARE
0161,HEXIND,HEXTAR INDUSTRIES BERHAD,INDUSTRIAL PRODUCTS & SERVICES
0161OR,HEXIND-OR,HEXTAR INDUSTRIES BERHAD - ORDINARY RIGHTS,INDUSTRIAL PRODUCTS & SERVICES
7202,HEXRTL,HEXTAR RETAIL BERHAD,CONSUMER PRODUCTS & SERVICES
5151,HEXTAR,HEXTAR GLOBAL BERHAD,INDUSTRIAL PRODUCTS & SERVICES
5136,HEXTECH,HEXTAR TECHNOLOGIES SOLUTIONS BERHAD,TRANSPORTATION & LOGISTICS
3298,HEXZA,HEXZA CORPORATION BHD,INDUSTRIAL PRODUCTS & SERVICES
0160,HHHCORP,HIAP HUAT HOLDINGS BHD,INDUSTRIAL PRODUCTS & SERVICES
0175,HHRG,HHRG BERHAD,INDUSTRIAL PRODUCTS & SERVICES
5072,HIAPTEK,HIAP TECK VENTURE BHD,INDUSTRIAL PRODUCTS & SERVICES
5199,HIBISCS,HIBISCUS PETROLEUM BHD,ENERGY
5199PA,HIBISCS-PA,HIBISCUS PETROLEUM BERHAD - CONVERTIBLE REDEEMABLE PREFERENCE SHARES 2020/2022,ENERGY
7033,HIGHTEC,KUMPULAN H&L HIGH-TECH BHD,INDUSTRIAL PRODUCTS & SERVICES
8443,HIL,HIL INDUSTRIES BHD,INDUSTRIAL PRODUCTS & SERVICES
5819,HLBANK,HONG LEONG BANK BHD,FINANCIAL SERVICES
5274,HLCAP,HONG LEONG CAPITAL BERHAD,FINANCIAL SERVICES
1082,HLFG,HONG LEONG FINANCIAL GROUP BHD,FINANCIAL SERVICES
3301,HLIND,HONG LEONG INDUSTRIES BHD,CONSUMER PRODUCTS & SERVICES
0188,HLT,HLT GLOBAL BERHAD,INDUSTRIAL PRODUCTS & SERVICES
0060,HM,HARVEST MIRACLE CAPITAL BERHAD,TECHNOLOGY
0060PA,HM-PA,HARVEST MIRACLE CAPITAL BERHAD - ICPS 2019/2024,TECHNOLOGY
5169,HOHUP,HO HUP CONSTRUCTION COMPANY,CONSTRUCTION
5160,HOMERIZ,HOMERITZ CORPORATION BERHAD,CONSUMER PRODUCTS & SERVICES
0041,HONGSENG,HONG SENG CONSOLIDATED BERHAD,TECHNOLOGY
0041PA,HONGSENG-PA,HONG SENG CONSOLIDATED BERHAD - ICPS A 2019/2024,TECHNOLOGY
5291,HPMT,HPMT HOLDINGS BERHAD,INDUSTRIAL PRODUCTS & SERVICES
0228,HPPHB,HPP HOLDINGS BERHAD,INDUSTRIAL PRODUCTS & SERVICES
6238,HSL,HOCK SENG LEE BHD,CONSTRUCTION
5138,HSPLANT,HAP SENG PLANTATIONS HOLDINGS,PLANTATION
0185,HSSEB,HSS ENGINEERS BERHAD,INDUSTRIAL PRODUCTS & SERVICES
5028,HTPADU,HEITECH PADU BHD,TECHNOLOGY
5062,HUAYANG,HUA YANG BHD,PROPERTY
5062OR,HUAYANG-OR,HUA YANG BERHAD - ORDINARY RIGHTS,PROPERTY
7013,HUBLINE,HUBLINE BHD,TRANSPORTATION & LOGISTICS
5000,HUMEIND,HUME CEMENT INDUSTRIES BERHAD,INDUSTRIAL PRODUCTS & SERVICES
5024,HUPSENG,HUP SENG INDUSTRIES BHD,CONSUMER PRODUCTS & SERVICES
8478,HWATAI,HWA TAI INDUSTRIES BHD,CONSUMER PRODUCTS & SERVICES
9601,HWGB,HO WAH GENTING BHD,INDUSTRIAL PRODUCTS & SERVICES
4251,IBHD,I-BHD,PROPERTY
4251PA,IBHD-PA,I-BERHAD - REDEEMABLE CUMULATIVE CONVERTIBLE PREFERENCE SHARES A,PROPERTY
5084,IBRACO,IBRACO BHD,PROPERTY
5108,ICAP,ICAPITAL.BIZ BHD,CLOSED END FUND
5255,ICON,ICON OFFSHORE BERHAD,ENERGY
9113,ICONIC,ICONIC WORLDWIDE BERHAD,CONSUMER PRODUCTS & SERVICES
9113OR,ICONIC-OR,ICONIC WORLDWIDE BERHAD - ORDINARY RIGHTS,CONSUMER PRODUCTS & SERVICES
03038,ICTZONE,ICT ZONE ASIA BERHAD,TECHNOLOGY
03038P,ICTZONE-PA,ICT ZONE ASIA BERHAD - ICPS A 2020/2025,TECHNOLOGY
03030,IDBTECH,IDB TECHNOLOGIES BERHAD,TECHNOLOGY
9687,IDEAL,IDEAL CAPITAL BERHAD,PROPERTY
0174OR,IDMENSN-OR,IDIMENSION CONSOLIDATED BHD - ORDINARY RIGHTS,TECHNOLOGY
0174PR,IDMENSN-PR,IDIMENSION CONSOLIDATED BHD - PREFERENCE RIGHTS,TECHNOLOGY
0023,IFCAMSC,IFCA MSC BHD,TECHNOLOGY
5606,IGBB,IGB BERHAD,PROPERTY
5606PB,IGBB-PB,IGB BERHAD - REDEEMABLE CONVERTIBLE CUMULATIVE PREFERENCE SHARES 2018/2025,PROPERTY
5299,IGBCR,IGB COMMERCIAL REAL ESTATE INVESTMENT TRUST,REAL ESTATE INVESTMENT TRUSTS
5227,IGBREIT,IGB REAL ESTATE INV TRUST,REAL ESTATE INVESTMENT TRUSTS
7240,IHB,INFRAHARTA HOLDINGS BERHAD,CONSTRUCTION
5225,IHH,IHH HEALTHCARE BERHAD,HEALTH CARE
3336,IJM,IJM CORPORATION BHD,CONSTRUCTION
2216,IJMPLNT,IJM PLANTATIONS BHD,PLANTATION
5614,ILB,ILB GROUP BERHAD,TRANSPORTATION & LOGISTICS
7222,IMASPRO,IMASPRO CORPORATION BHD,INDUSTRIAL PRODUCTS & SERVICES
0166,INARI,INARI AMERTRON BERHAD,TECHNOLOGY
2607,INCKEN,INCH KENNETH KAJANG RUBBER PLC,PLANTATION
0265,INFOM,INFOMINA BERHAD,TECHNOLOGY
0253,INFOTEC,INFOLINE TEC GROUP BERHAD,TECHNOLOGY
5178,INGENIEU,INGENIEUR GUDANG BERHAD,INDUSTRIAL PRODUCTS & SERVICES
5178PA,INGENIEU-PA,INGENIEUR GUDANG BERHAD - IRREDEEMABLE CONVERTIBLE PREFERENCE SHARES 2018/2023,INDUSTRIAL PRODUCTS & SERVICES
5295,INNATURE,INNATURE BERHAD,CONSUMER PRODUCTS & SERVICES
0147,INNITY,INNITY CORPORATION BHD,TELECOMMUNICATIONS & MEDIA
6262,INNO,INNOPRISE PLANTATIONS BERHAD,PLANTATION
3379,INSAS,INSAS BHD,FINANCIAL SERVICES
3379PB,INSAS-PB,INSAS BERHAD - REDEEMABLE PREFERENCE SHARES B,FINANCIAL SERVICES
0192,INTA,INTA BINA GROUP BERHAD,CONSTRUCTION
1961,IOICORP,IOI CORPORATION BHD,PLANTATION
5249,IOIPG,IOI PROPERTIES GROUP BERHAD,PROPERTY
5107,IQGROUP,IQ GROUP HOLDINGS BHD,CONSUMER PRODUCTS & SERVICES
7183,IQZAN,IQZAN HOLDING BERHAD,INDUSTRIAL PRODUCTS & SERVICES
8834,IREKA,IREKA CORPORATION BHD,CONSTRUCTION
0010,IRIS,IRIS CORPORATION BHD,TECHNOLOGY
5309,ITMAX,ITMAX SYSTEM BERHAD,TECHNOLOGY
9393,ITRONIC,INDUSTRONICS BHD,TECHNOLOGY
5175,IVORY,IVORY PROPERTIES GROUP BERHAD,PROPERTY
1589,IWCITY,ISKANDAR WATERFRONT CITY BERHAD,PROPERTY
7043,JADEM,JADE MARVEL GROUP BERHAD,INDUSTRIAL PRODUCTS & SERVICES
7223,JADI,JADI IMAGING HOLDINGS BHD,CONSUMER PRODUCTS & SERVICES
0024,JAG,JAG BERHAD,INDUSTRIAL PRODUCTS & SERVICES
4723,JAKS,JAKS RESOURCES BERHAD,CONSTRUCTION
8648,JASKITA,JASA KITA BHD,INDUSTRIAL PRODUCTS & SERVICES
7152,JAYCORP,JAYCORP BHD,CONSUMER PRODUCTS & SERVICES
0058,JCBNEXT,JCBNEXT BERHAD,INDUSTRIAL PRODUCTS & SERVICES
5161,JCY,JCY INTERNATIONAL BERHAD,TECHNOLOGY
8931,JERASIA,JERASIA CAPITAL BHD,CONSUMER PRODUCTS & SERVICES
9083,JETSON,KUMPULAN JETSON BHD,INDUSTRIAL PRODUCTS & SERVICES
0146,JFTECH,JF TECHNOLOGY BHD,TECHNOLOGY
0127,JHM,JHM CONSOLIDATION BHD,TECHNOLOGY
8923,JIANKUN,JIANKUN INTERNATIONAL BERHAD,PROPERTY
03040,JISHAN,JISHAN BERHAD,INDUSTRIAL PRODUCTS & SERVICES
6769,JKGLAND,JKG LAND BERHAD,PROPERTY
7096,JOE,JOE HOLDING BERHAD,INDUSTRIAL PRODUCTS & SERVICES
3441,JOHAN,JOHAN HOLDINGS BHD,FINANCIAL SERVICES
5673,JSB,JENTAYU SUSTAINABLES BERHAD,INDUSTRIAL PRODUCTS & SERVICES
5673OR,JSB-OR,JENTAYU SUSTAINABLES BERHAD - ORDINARY RIGHTS,INDUSTRIAL PRODUCTS & SERVICES
0292,JTGROUP,JATI TINGGI GROUP BERHAD,CONSTRUCTION
4383,JTIASA,JAYA TIASA HOLDINGS BHD,PLANTATION
0111,K1,K-ONE TECHNOLOGY BHD,TECHNOLOGY
0193,KAB,KINERGY ADVANCEMENT BERHAD,INDUSTRIAL PRODUCTS & SERVICES
8672,KAMDAR,KAMDAR GROUP(M)BHD,CONSUMER PRODUCTS & SERVICES
0170,KANGER,KANGER INTERNATIONAL BERHAD,CONSUMER PRODUCTS & SERVICES
5247,KAREX,KAREX BERHAD,CONSUMER PRODUCTS & SERVICES
0054,KARYON,KARYON INDUSTRIES BHD,INDUSTRIAL PRODUCTS & SERVICES
7216,KAWAN,KAWAN FOOD BHD,CONSUMER PRODUCTS & SERVICES
7199,KEINHIN,KEIN HING INTERNATIONAL BHD,INDUSTRIAL PRODUCTS & SERVICES
7323,KEN,KEN HOLDINGS BHD,PROPERTY
6483,KENANGA,KENANGA INVESTMENT BANK BERHAD,FINANCIAL SERVICES
0307,KENERGY,KAWAN RENERGY BERHAD,INDUSTRIAL PRODUCTS & SERVICES
7161,KERJAYA,KERJAYA PROSPEK GROUP BERHAD,CONSTRUCTION
9334,KESM,KESM INDUSTRIES BHD,TECHNOLOGY
0143,KEYASIC,KEY ASIC BHD,TECHNOLOGY
5321,KEYFIELD,KEYFIELD INTERNATIONAL BERHAD,ENERGY
6491,KFIMA,KUMPULAN FIMA BHD,INDUSTRIAL PRODUCTS & SERVICES
0151,KGB,KELINGTON GROUP BERHAD,INDUSTRIAL PRODUCTS & SERVICES
0036,KGROUP,KEY ALLIANCE GROUP BERHAD,TECHNOLOGY
0282,KGW,KGW GROUP BERHAD,TRANSPORTATION & LOGISTICS
6203,KHEESAN,KHEE SAN BHD,CONSUMER PRODUCTS & SERVICES
7062,KHIND,KHIND HOLDINGS BHD,CONSUMER PRODUCTS & SERVICES
0210,KHJB,KIM HIN JOO (MALAYSIA) BERHAD,CONSUMER PRODUCTS & SERVICES
6211,KIALIM,KIA LIM BHD,INDUSTRIAL PRODUCTS & SERVICES
5371,KIMHIN,KIM HIN INDUSTRY BHD,INDUSTRIAL PRODUCTS & SERVICES
5171,KIMLUN,KIMLUN CORPORATION BERHAD,CONSTRUCTION
5280,KIPREIT,KIP REAL ESTATE INVESTMENT TRUST,REAL ESTATE INVESTMENT TRUSTS
5280TA,KIPREIT-TA,KIP REAL ESTATE INVESTMENT TRUST - A UNITS,REAL ESTATE INVESTMENT TRUSTS
5310,KITACON,KUMPULAN KITACON BERHAD,CONSTRUCTION
0293,KJTS,KJTS GROUP BERHAD,INDUSTRIAL PRODUCTS & SERVICES
9466,KKB,KKB ENGINEERING BHD,INDUSTRIAL PRODUCTS & SERVICES
5235SS,KLCC,KLCC PROP&REITS-STAPLED SEC,REAL ESTATE INVESTMENT TRUSTS
2445,KLK,KUALA LUMPUR KEPONG BHD,PLANTATION
2453,KLUANG,KLUANG RUBBER CO (M) BHD,PLANTATION
5027,KMLOONG,KIM LOONG RESOURCES BHD,PLANTATION
7164,KNM,KNM GROUP BHD,ENERGY
5035,KNUSFOR,KNUSFORD BHD,INDUSTRIAL PRODUCTS & SERVICES
6971,KOBAY,KOBAY TECHNOLOGY BHD,INDUSTRIAL PRODUCTS & SERVICES
7017,KOMARK,KOMARKCORP BHD,INDUSTRIAL PRODUCTS & SERVICES
7017OR,KOMARK-OR,KOMARKCORP BERHAD - ORDINARY RIGHTS,INDUSTRIAL PRODUCTS & SERVICES
7153,KOSSAN,KOSSAN RUBBER INDUSTRIES BHD,HEALTH CARE
0002,KOTRA,KOTRA INDUSTRIES BHD,HEALTH CARE
5878,KPJ,KPJ HEALTHCARE BHD,HEALTH CARE
7077,KPPROP,KERJAYA PROSPEK PROPERTY BERHAD,PROPERTY
5843,KPS,KUMPULAN PERANGSANG SELANGOR,INDUSTRIAL PRODUCTS & SERVICES
9121,KPSCB,KPS CONSORTIUM BHD,INDUSTRIAL PRODUCTS & SERVICES
1996,KRETAM,KRETAM HOLDINGS BHD,PLANTATION
0176,KRONO,KRONOLOGI ASIA BERHAD,TECHNOLOGY
3476,KSENG,KECK SENG (M) BHD,INDUSTRIAL PRODUCTS & SERVICES
5038,KSL,KSL HOLDINGS BHD,PROPERTY
5192,KSSC,K. SENG SENG CORPORATION BHD,INDUSTRIAL PRODUCTS & SERVICES
0180,KTC,KIM TECK CHEONG CONSOLIDATED BERHAD,CONSUMER PRODUCTS & SERVICES
6874,KUB,KUB MALAYSIA BHD,INDUSTRIAL PRODUCTS & SERVICES
2186,KUCHAI,KUCHAI DEVELOPMENT BHD,FINANCIAL SERVICES
8362,KYM,KYM HOLDINGS BHD,INDUSTRIAL PRODUCTS & SERVICES
3174,L&G,LAND & GENERAL BHD,PROPERTY
0268,L&PBHD,L&P GLOBAL BERHAD,INDUSTRIAL PRODUCTS & SERVICES
7179,LAGENDA,LAGENDA PROPERTIES BERHAD,PROPERTY
0018,LAMBO,LAMBO GROUP BERHAD,TECHNOLOGY
1643,LANDMRK,LANDMARKS BHD,CONSUMER PRODUCTS & SERVICES
9385,LAYHONG,LAY HONG BHD,CONSUMER PRODUCTS & SERVICES
9326,LBALUM,LB ALUMINIUM BHD,INDUSTRIAL PRODUCTS & SERVICES
8494,LBICAP,LBI CAPITAL BHD,PROPERTY
5789,LBS,LBS BINA GROUP BHD,PROPERTY
5789PA,LBS-PA,LBS BINA GROUP BERHAD - REDEEMABLE CONVERTIBLE PREFERENCE SHARES,PROPERTY
5284,LCTITAN,LOTTE CHEMICAL TITAN HOLDING BERHAD,INDUSTRIAL PRODUCTS & SERVICES
9628,LEBTECH,LEBTECH BERHAD,CONSTRUCTION
8079,LEESK,LEE SWEE KIAT GROUP BHD,CONSUMER PRODUCTS & SERVICES
0266,LEFORM,LEFORM BERHAD,INDUSTRIAL PRODUCTS & SERVICES
5232,LEONFB,LEON FUAT BERHAD,INDUSTRIAL PRODUCTS & SERVICES
7170,LFECORP,LFE CORPORATION BHD,INDUSTRIAL PRODUCTS & SERVICES
0249,LGMS,LGMS BERHAD,TECHNOLOGY
6633,LHI,LEONG HUP INTERNATIONAL BERHAD,CONSUMER PRODUCTS & SERVICES
3573,LIENHOE,LIEN HOE CORPORATION BHD,PROPERTY
7089,LIIHEN,LII HEN INDUSTRIES BHD,CONSUMER PRODUCTS & SERVICES
4235,LIONIND,LION INDUSTRIES CORPORATION,INDUSTRIAL PRODUCTS & SERVICES
8486,LIONPSIM,LION POSIM BERHAD,INDUSTRIAL PRODUCTS & SERVICES
6645,LITRAK,LINGKARAN TRANS KOTA HOLDINGS,TRANSPORTATION & LOGISTICS
0182,LKL,LKL INTERNATIONAL BERHAD,HEALTH CARE
8303,LOTUS,LOTUS KFM BERHAD,CONSUMER PRODUCTS & SERVICES
8621,LPI,LPI CAPITAL BHD,FINANCIAL SERVICES
03047,LSH,LIM SEONG HAI CAPITAL BERHAD,CONSTRUCTION
9881,LSTEEL,LEADER STEEL HOLDINGS BHD,INDUSTRIAL PRODUCTS & SERVICES
7085,LTKM,LTKM BHD,CONSUMER PRODUCTS & SERVICES
5068,LUSTER,LUSTER INDUSTRIES BHD,INDUSTRIAL PRODUCTS & SERVICES
5143,LUXCHEM,LUXCHEM CORPORATION BHD,INDUSTRIAL PRODUCTS & SERVICES
0075,LYC,LYC HEALTHCARE BERHAD,HEALTH CARE
9199,LYSAGHT,LYSAGHT GALVANIZED STEEL BHD,INDUSTRIAL PRODUCTS & SERVICES
7082,M&A,M & A EQUITY HOLDINGS BERHAD,FINANCIAL SERVICES
5078,M&G,MARINE & GENERAL BERHAD,TRANSPORTATION & LOGISTICS
1198,MAA,MAA GROUP BERHAD,FINANCIAL SERVICES
0095,MAG,MAG HOLDINGS BERHAD,CONSUMER PRODUCTS & SERVICES
7243,MAGMA,MAGMA GROUP BERHAD,CONSUMER PRODUCTS & SERVICES
7617,MAGNA,MAGNA PRIMA BHD,PROPERTY
7087,MAGNI,MAGNI-TECH INDUSTRIES BHD,CONSUMER PRODUCTS & SERVICES
3859,MAGNUM,MAGNUM BERHAD,CONSUMER PRODUCTS & SERVICES
8583,MAHSING,MAH SING GROUP BHD,PROPERTY
5264,MALAKOF,MALAKOFF CORPORATION BERHAD,UTILITIES
4936,MALPAC,MALPAC HOLDINGS BHD,PLANTATION
6181,MALTON,MALTON BHD,PROPERTY
1058,MANULFE,MANULIFE HOLDINGS BERHAD,FINANCIAL SERVICES
3514,MARCO,MARCO HOLDINGS BHD,CONSUMER PRODUCTS & SERVICES
5098,MASTEEL,MALAYSIA STEEL WORKS (KL)BHD,INDUSTRIAL PRODUCTS & SERVICES
5098OR,MASTEEL-OR,MALAYSIA STEEL WORKS (KL) BHD - ORDINARY RIGHTS,INDUSTRIAL PRODUCTS & SERVICES
7029,MASTER,MASTER-PACK GROUP BERHAD,INDUSTRIAL PRODUCTS & SERVICES
0189,MATANG,MATANG BERHAD,PLANTATION
5236,MATRIX,MATRIX CONCEPTS HOLDINGS BHD,PROPERTY
4022,MAXIM,MAXIM GLOBAL BERHAD,PROPERTY
6012,MAXIS,MAXIS BERHAD,TELECOMMUNICATIONS & MEDIA
1155,MAYBANK,MALAYAN BANKING BHD,FINANCIAL SERVICES
5077,MAYBULK,MAYBULK BERHAD,TRANSPORTATION & LOGISTICS
7099,MAYU,MAYU GLOBAL GROUP BERHAD,INDUSTRIAL PRODUCTS & SERVICES
5152,MBL,MUAR BAN LEE GROUP BERHAD,INDUSTRIAL PRODUCTS & SERVICES
5983,MBMR,MBM RESOURCES BHD,CONSUMER PRODUCTS & SERVICES
0280,MBN,MYMBN BERHAD,CONSUMER PRODUCTS & SERVICES
2097,MBRIGHT,META BRIGHT GROUP BERHAD,CONSUMER PRODUCTS & SERVICES
1171,MBSB,MALAYSIA BUILDING SOCIETY BHD,FINANCIAL SERVICES
7004,MCEHLDG,MCE HOLDINGS BERHAD,INDUSTRIAL PRODUCTS & SERVICES
3794,MCEMENT,MALAYAN CEMENT BERHAD,INDUSTRIAL PRODUCTS & SERVICES
0167,MCLEAN,MCLEAN TECHNOLOGIES BERHAD,INDUSTRIAL PRODUCTS & SERVICES
03022,MCOM,MCOM HOLDINGS BERHAD,TECHNOLOGY
4502,MEDIA,MEDIA PRIMA BHD,TELECOMMUNICATIONS & MEDIA
5090,MEDIAC,MEDIA CHINESE INTERNATIONAL LIMITED,TELECOMMUNICATIONS & MEDIA
5129,MELATI,MELATI EHSAN HOLDINGS BHD,CONSTRUCTION
3778,MELEWAR,MELEWAR INDUSTRIAL GROUP BHD,INDUSTRIAL PRODUCTS & SERVICES
1694,MENANG,MENANG CORPORATION (M) BHD,PROPERTY
5223,MENTIGA,MENTIGA CORPORATION BHD,INDUSTRIAL PRODUCTS & SERVICES
8192,MERCURY,MERCURY INDUSTRIES BHD,CONSTRUCTION
5040,MERIDIAN,MERIDIAN BERHAD,PROPERTY
0285,MERSEC,MERCURY SECURITIES GROUP BERHAD,FINANCIAL SERVICES
7234,MESB,MESB BHD,CONSUMER PRODUCTS & SERVICES
0207,MESTRON,MESTRON HOLDINGS BERHAD,INDUSTRIAL PRODUCTS & SERVICES
6149,METROD,METROD HOLDINGS BERHAD,INDUSTRIAL PRODUCTS & SERVICES
3069,MFCB,MEGA FIRST CORPORATION BHD,UTILITIES
03015,MFGROUP,MANFORCE GROUP BERHAD,CONSUMER PRODUCTS & SERVICES
3662,MFLOUR,MALAYAN FLOUR MILLS BHD,CONSUMER PRODUCTS & SERVICES
7595,MGB,MGB BERHAD,CONSTRUCTION
0155,MGRC,MSIAN GENOMICS RES CENTRE BHD,HEALTH CARE
5186,MHB,MALAYSIA MARINE AND HEAVY ENG,ENERGY
5026,MHC,MHC PLANTATIONS BHD,PLANTATION
03005,MHCARE,METRO HEALTHCARE BERHAD,HEALTH CARE
5286,MI,MI TECHNOVATION BERHAD,TECHNOLOGY
0126,MICROLN,MICROLINK SOLUTIONS BHD,TECHNOLOGY
5001,MIECO,MIECO CHIPBOARD BHD,INDUSTRIAL PRODUCTS & SERVICES
0112,MIKROMB,MIKRO MSC BERHAD,TECHNOLOGY
7935,MILUX,MILUX CORPORATION BHD,CONSUMER PRODUCTS & SERVICES
7219,MINETEC,MINETECH RESOURCES BHD,INDUSTRIAL PRODUCTS & SERVICES
7219PA,MINETEC-PA,MINETECH RESOURCES BERHAD - ICPS 2021/2026,INDUSTRIAL PRODUCTS & SERVICES
7219PR,MINETEC-PR,MINETECH RESOURCES BERHAD - IRREDEEMABLE CONVERTIBLE PREFERENCE SHARES (ICPS) RIGHTS,INDUSTRIAL PRODUCTS & SERVICES
5576,MINHO,MINHO (M) BHD,INDUSTRIAL PRODUCTS & SERVICES
0288,MINOX,MINOX INTERNATIONAL GROUP BERHAD,INDUSTRIAL PRODUCTS & SERVICES
3816,MISC,MISC BHD,TRANSPORTATION & LOGISTICS
9571,MITRA,MITRAJAYA HOLDINGS BHD,CONSTRUCTION
8141,MJPERAK,MAJUPERAK HOLDINGS BHD,PROPERTY
6114,MKH,MKH BERHAD,PROPERTY
5319,MKHOP,MKH OIL PALM (EAST KALIMANTAN) BERHAD,PLANTATION
8893,MKLAND,MK LAND HOLDINGS BHD,PROPERTY
0085,MLAB,MLABS SYSTEMS BHD,TECHNOLOGY
0034,MMAG,MMAG HOLDINGS BERHAD,TECHNOLOGY
0034PA,MMAG-PA,MMAG HOLDINGS BERHAD - ICPS A 2017/2022,TECHNOLOGY
2194,MMCCORP,MMC CORPORATION BHD,TRANSPORTATION & LOGISTICS
03027,MMIS,MMIS BERHAD,INDUSTRIAL PRODUCTS & SERVICES
0159,MMM,MMM GROUP BERHAD,TELECOMMUNICATIONS & MEDIA
0113,MMSV,MMS VENTURES BHD,TECHNOLOGY
0103,MNC,M N C WIRELESS BERHAD,TELECOMMUNICATIONS & MEDIA
0103PA,MNC-PA,M N C WIRELESS BERHAD - ICPS 2019/2029,TELECOMMUNICATIONS & MEDIA
0245,MNHLDG,MN HOLDINGS BERHAD,CONSTRUCTION
6459,MNRB,MNRB HOLDINGS BHD,FINANCIAL SERVICES
0229,MOBILIA,MOBILIA HOLDINGS BERHAD,CONSUMER PRODUCTS & SERVICES
0156,MPAY,MANAGEPAY SYSTEMS BERHAD,TECHNOLOGY
6548,MPCORP,MALAYSIA PACIFIC CORP BHD,PROPERTY
5237,MPHBCAP,MPHB Capital Berhad,PROPERTY
3867,MPI,MALAYSIAN PACIFIC INDUSTRIES,TECHNOLOGY
7943,MPIRE,MPIRE GLOBAL BERHAD,CONSUMER PRODUCTS & SERVICES
03019,MPSOL,MATRIX PARKING SOLUTION HOLDINGS BERHAD,CONSUMER PRODUCTS & SERVICES
0070,MQTECH,MQ TECHNOLOGY BHD,TECHNOLOGY
1651,MRCB,MALAYSIAN RESOURCES CORPORATION BERHAD,PROPERTY
5296,MRDIY,MR D.I.Y. GROUP (M) BERHAD,CONSUMER PRODUCTS & SERVICES
5916,MSC,MALAYSIA SMELTING CORPORATION,INDUSTRIAL PRODUCTS & SERVICES
5202,MSM,MSM MALAYSIA HOLDINGS BERHAD,CONSUMER PRODUCTS & SERVICES
5011,MSNIAGA,MESINIAGA BHD,TECHNOLOGY
5316,MSTGOLF,MST GOLF GROUP BERHAD,CONSUMER PRODUCTS & SERVICES
0213,MTAG,MTAG GROUP BERHAD,INDUSTRIAL PRODUCTS & SERVICES
0295,MTEC,MASTER TEC GROUP BERHAD,INDUSTRIAL PRODUCTS & SERVICES
0092,MTOUCHE,MTOUCHE TECHNOLOGY BHD,TELECOMMUNICATIONS & MEDIA
0043,MTRONIC,METRONIC GLOBAL BHD,INDUSTRIAL PRODUCTS & SERVICES
0043OR,MTRONIC-OR,METRONIC GLOBAL BERHAD - ORDINARY RIGHTS,INDUSTRIAL PRODUCTS & SERVICES
3883,MUDA,MUDA HOLDINGS BHD,INDUSTRIAL PRODUCTS & SERVICES
5085,MUDAJYA,MUDAJAYA GROUP BHD,CONSTRUCTION
5085OR,MUDAJYA-OR,MUDAJAYA GROUP BERHAD - ORDINARY RIGHTS,CONSTRUCTION
9539,MUH,MULTI-USAGE HOLDINGS BHD,PROPERTY
5703,MUHIBAH,MUHIBBAH ENGINEERING (M) BHD,CONSTRUCTION
5703OR,MUHIBAH-OR,MUHIBBAH ENGINEERING (M) BHD - ORDINARY RIGHTS,CONSTRUCTION
3891,MUIIND,MALAYAN UNITED INDUSTRIES BHD,CONSUMER PRODUCTS & SERVICES
3913,MUIPROP,MUI PROPERTIES BHD,PROPERTY
3905,MULPHA,MULPHA INTERNATIONAL BHD,CONSUMER PRODUCTS & SERVICES
5087,MYCRON,MYCRON STEEL BHD,INDUSTRIAL PRODUCTS & SERVICES
0138,MYEG,MY E.G. SERVICES BHD,TECHNOLOGY
5275,MYNEWS,MYNEWS HOLDINGS BERHAD,CONSUMER PRODUCTS & SERVICES
7692,MYTECH,MYTECH GROUP BERHAD,INDUSTRIAL PRODUCTS & SERVICES
0108,N2N,N2N CONNECT BHD,TECHNOLOGY
0206,NADIBHD,GAGASAN NADI CERGAS BERHAD,CONSTRUCTION
5073,NAIM,NAIM HOLDINGS BHD,PROPERTY
0270,NATGATE,NATIONGATE HOLDINGS BERHAD,INDUSTRIAL PRODUCTS & SERVICES
9806,NATWIDE,NATIONWIDE EXPRESS HOLDINGS BERHAD,TRANSPORTATION & LOGISTICS
0056,NCT,NCT ALLIANCE BERHAD,PROPERTY
0235,NESTCON,NESTCON BERHAD,CONSTRUCTION
4707,NESTLE,NESTLE (M) BHD,CONSUMER PRODUCTS & SERVICES
0020,NETX,NETX HOLDINGS BHD,TECHNOLOGY
0096,NEXGRAM,NEXGRAM HOLDINGS BERHAD,TELECOMMUNICATIONS & MEDIA
7241,NGGB,NEXTGREEN GLOBAL BERHAD,INDUSTRIAL PRODUCTS & SERVICES
7060,NHFATT,NEW HOONG FATT HOLDINGS BHD,CONSUMER PRODUCTS & SERVICES
7139,NICE,NICHE CAPITAL EMAS HLDG BHD,CONSUMER PRODUCTS & SERVICES
7215,NIHSIN,NI HSIN GROUP BERHAD,CONSUMER PRODUCTS & SERVICES
7215PA,NIHSIN-PA,NI HSIN GROUP BERHAD - REDEEMABLE CONVERTIBLE PREFERENCE SHARES,CONSUMER PRODUCTS & SERVICES
0083,NOTION,NOTION VTEC BHD,TECHNOLOGY
0201,NOVA,NOVA WELLNESS GROUP BERHAD,HEALTH CARE
0026,NOVAMSC,NOVA MSC BHD,TECHNOLOGY
0026PA,NOVAMSC-PA,NOVA MSC BERHAD - ICPS A 2020/2025,TECHNOLOGY
03045,NP,NOVELPLUS TECHNOLOGY BERHAD,TECHNOLOGY
5047,NPC,NPC RESOURCES BHD,PLANTATION
03006,NPS,NOVA PHARMA SOLUTIONS BERHAD,HEALTH CARE
2038,NSOP,NEGRI SEMBILAN OIL PALMS BHD,PLANTATION
5066,NTPM,NTPM HOLDINGS BHD,CONSUMER PRODUCTS & SERVICES
4944,NYLEX,NYLEX (M) BHD,INDUSTRIAL PRODUCTS & SERVICES
5533,OCB,OCB BHD,CONSUMER PRODUCTS & SERVICES
0172,OCK,OCK GROUP BERHAD,TELECOMMUNICATIONS & MEDIA
0049,OCNCASH,OCEANCASH PACIFIC BHD,CONSUMER PRODUCTS & SERVICES
7071,OCR,OCR GROUP BERHAD,CONSTRUCTION
7107,OFI,ORIENTAL FOOD INDUSTRIES HLDG,CONSUMER PRODUCTS & SERVICES
5827,OIB,ORIENTAL INTEREST BHD,PROPERTY
7140,OKA,OKA CORPORATION BHD,INDUSTRIAL PRODUCTS & SERVICES
3018,OLYMPIA,OLYMPIA INDUSTRIES BHD,CONSUMER PRODUCTS & SERVICES
9008,OMESTI,OMESTI BHD,TECHNOLOGY
9008PB,OMESTI-PB,OMESTI BERHAD - REDEEMABLE PREFERENCE SHARES 2021/2026,TECHNOLOGY
5298,OMH,OM HOLDINGS LIMITED,INDUSTRIAL PRODUCTS & SERVICES
5079,ONEGLOVE,ONE GLOVE GROUP BERHAD,CONSUMER PRODUCTS & SERVICES
5079OR,ONEGLOVE-OR,ONE GLOVE GROUP BERHAD - ORDINARY RIGHTS,CONSUMER PRODUCTS & SERVICES
0040,OPENSYS,OPENSYS (M) BHD,TECHNOLOGY
0275,OPPSTAR,OPPSTAR BERHAD,TECHNOLOGY
0222,OPTIMAX,OPTIMAX HOLDINGS BERHAD,HEALTH CARE
0252,ORGABIO,ORGABIO HOLDINGS BERHAD,CONSUMER PRODUCTS & SERVICES
4006,ORIENT,ORIENTAL HOLDINGS BHD,CONSUMER PRODUCTS & SERVICES
5065,ORNA,ORNAPAPER BHD,INDUSTRIAL PRODUCTS & SERVICES
5053,OSK,OSK HOLDINGS BHD,PROPERTY
0053,OSKVI,OSK VENTURES INTERNATIONAL BHD,FINANCIAL SERVICES
0153,OVERSEA,OVERSEA ENTERPRISE BERHAD,CONSUMER PRODUCTS & SERVICES
0220,OVH,OCEAN VANTAGE HOLDINGS BERHAD,ENERGY
5260,OWG,ONLY WORLD GROUP HOLDINGS BERHAD,CONSUMER PRODUCTS & SERVICES
6009,P&O,PACIFIC & ORIENT BHD,FINANCIAL SERVICES
7225,PA,P.A. RESOURCES BHD,INDUSTRIAL PRODUCTS & SERVICES
7052,PADINI,PADINI HOLDINGS BHD,CONSUMER PRODUCTS & SERVICES
3719,PANAMY,PANASONIC MANUFACTURING MSIA,CONSUMER PRODUCTS & SERVICES
0290,PANDA,PANDA ECO SYSTEM BERHAD,TECHNOLOGY
8419,PANSAR,PANSAR BERHAD,INDUSTRIAL PRODUCTS & SERVICES
8419PA,PANSAR-PA,PANSAR BERHAD - REDEEMABLE CONVERTIBLE PREFERENCE SHARES 2021/2026,INDUSTRIAL PRODUCTS & SERVICES
5125,PANTECH,PANTECH GROUP HOLDINGS BHD,INDUSTRIAL PRODUCTS & SERVICES
5022,PAOS,PAOS HOLDINGS BHD,CONSUMER PRODUCTS & SERVICES
9407,PARAGON,PARAGON UNION BHD,CONSUMER PRODUCTS & SERVICES
1724,PARAMON,PARAMOUNT CORPORATION BHD,PROPERTY
5657,PARKSON,PARKSON HOLDINGS BHD,CONSUMER PRODUCTS & SERVICES
2682,PARKWD,PARKWOOD HOLDINGS BERHAD,PROPERTY
0022,PARLO,PARLO BERHAD,CONSUMER PRODUCTS & SERVICES
6912,PASDEC,PASDEC HOLDINGS BHD,PROPERTY
0177,PASUKGB,PASUKHAS GROUP BERHAD,INDUSTRIAL PRODUCTS & SERVICES
5212,PAVREIT,PAVILION REAL ESTATE INV TRUST,REAL ESTATE INVESTMENT TRUSTS
5041,PBA,PBA HOLDINGS BHD,UTILITIES
1295,PBBANK,PUBLIC BANK BHD,FINANCIAL SERVICES
6068,PCCS,PCCS GROUP BHD,CONSUMER PRODUCTS & SERVICES
5183,PCHEM,PETRONAS CHEMICALS GROUP BHD,INDUSTRIAL PRODUCTS & SERVICES
6254,PDZ,PDZ HOLDINGS BHD,TRANSPORTATION & LOGISTICS
6254OR,PDZ-OR,PDZ HOLDINGS BHD - ORDINARY RIGHTS,TRANSPORTATION & LOGISTICS
5622,PEB,PIMPINAN EHSAN BERHAD,CONSTRUCTION
5271,PECCA,PECCA GROUP BERHAD,INDUSTRIAL PRODUCTS & SERVICES
0233,PEKAT,PEKAT GROUP BERHAD,INDUSTRIAL PRODUCTS & SERVICES
5231,PELIKAN,PELIKAN INT.CORPORATION BHD,CONSUMER PRODUCTS & SERVICES
5133,PENERGY,PETRA ENERGY BHD,ENERGY
9997,PENSONI,PENSONIC HOLDINGS BHD,CONSUMER PRODUCTS & SERVICES
7160,PENTA,PENTAMASTER CORPORATION BHD,TECHNOLOGY
7108,PERDANA,PERDANA PETROLEUM BERHAD,ENERGY
7108PA,PERDANA-PA,PERDANA PETROLEUM BERHAD - REDEEMABLE CONVERTIBLE PREFERENCE SHARES 2019/2029,ENERGY
7080,PERMAJU,PERMAJU INDUSTRIES BHD,CONSUMER PRODUCTS & SERVICES
7080OR,PERMAJU-OR,PERMAJU INDUSTRIES BERHAD - ORDINARY RIGHTS,CONSUMER PRODUCTS & SERVICES
7080PA,PERMAJU-PA,PERMAJU INDUSTRIES BERHAD - ICPS 2020/2030,CONSUMER PRODUCTS & SERVICES
5436,PERSTIM,PSAHAAN SADUR TIMAH MSIA,INDUSTRIAL PRODUCTS & SERVICES
8532,PERTAMA,PERTAMA DIGITAL BERHAD,CONSUMER PRODUCTS & SERVICES
8311,PESONA,PESONA METRO HOLDINGS BHD,CONSTRUCTION
5219,PESTECH,PESTECH INTERNATIONAL BERHAD,INDUSTRIAL PRODUCTS & SERVICES
5681,PETDAG,PETRONAS DAGANGAN BHD,CONSUMER PRODUCTS & SERVICES
6033,PETGAS,PETRONAS GAS BHD,UTILITIES
3042,PETRONM,PETRON MALAYSIA REFINING & MARKETING BERHAD,ENERGY
0091,PGB,PROPEL GLOBAL BERHAD,ENERGY
8117,PGF,PGF CAPITAL BERHAD,INDUSTRIAL PRODUCTS & SERVICES
8117PA,PGF-PA,PGF CAPITAL BERHAD - ICPS 2022/2027,INDUSTRIAL PRODUCTS & SERVICES
8117PR,PGF-PR,PGF CAPITAL BERHAD - PREFERENCE RIGHTS,INDUSTRIAL PRODUCTS & SERVICES
3611,PGLOBE,PARAGON GLOBE BERHAD,PROPERTY
7081,PHARMA,PHARMANIAGA BHD,HEALTH CARE
4464,PHB,PEGASUS HEIGHTS BERHAD,PROPERTY
7201,PICORP,PROGRESSIVE IMPACT CORPORATION,INDUSTRIAL PRODUCTS & SERVICES
7095,PIE,P.I.E. INDUSTRIAL BHD,INDUSTRIAL PRODUCTS & SERVICES
0006,PINEAPP,PINEAPPLE RESOURCES BHD,TECHNOLOGY
1902,PINEPAC,PINEHILL PACIFIC BERHAD,PLANTATION
7163,PJBUMI,PJBUMI BHD,INDUSTRIAL PRODUCTS & SERVICES
0171,PLABS,PETERLABS HOLDINGS BHD,CONSUMER PRODUCTS & SERVICES
7055,PLB,PLB ENGINEERING BHD,PROPERTY
5075,PLENITU,PLENITUDE BHD,PROPERTY
5320,PLINTAS,PROLINTAS INFRA BUSINESS TRUST,
9695,PLS,PLS PLANTATIONS BERHAD,PLANTATION
0289,PLYTEC,PLYTEC HOLDING BERHAD,INDUSTRIAL PRODUCTS & SERVICES
7172,PMBTECH,PMB TECHNOLOGY BHD,INDUSTRIAL PRODUCTS & SERVICES
4081,PMCORP,PAN MALAYSIA CORPORATION BHD,CONSUMER PRODUCTS & SERVICES
8869,PMETAL,PRESS METAL ALUMINIUM HOLDINGS BERHAD,INDUSTRIAL PRODUCTS & SERVICES
1287,PMHLDG,PAN MALAYSIA HOLDINGS BHD,CONSUMER PRODUCTS & SERVICES
6637,PNEPCB,PNE PCB BHD,INDUSTRIAL PRODUCTS & SERVICES
5080,POHKONG,POH KONG HOLDINGS BHD,CONSUMER PRODUCTS & SERVICES
7088,POHUAT,POH HUAT RESOURCES HOLDINGS,CONSUMER PRODUCTS & SERVICES
03031,POLYDM,POLYDAMIC GROUP BERHAD,INDUSTRIAL PRODUCTS & SERVICES
4634,POS,POS MALAYSIA BHD,TRANSPORTATION & LOGISTICS
4065,PPB,PPB GROUP BHD,CONSUMER PRODUCTS & SERVICES
8273,PPHB,PUBLIC PACKAGES HOLDINGS BHD,INDUSTRIAL PRODUCTS & SERVICES
0242,PPJACK,PAPPAJACK BERHAD,FINANCIAL SERVICES
9873,PRESTAR,PRESTAR RESOURCES BHD,INDUSTRIAL PRODUCTS & SERVICES
7168,PRG,PRG HOLDINGS BERHAD,CONSUMER PRODUCTS & SERVICES
0123,PRIVA,PRIVASIA TECHNOLOGY BERHAD,TELECOMMUNICATIONS & MEDIA
8346,PRKCORP,PERAK CORPORATION BHD,TRANSPORTATION & LOGISTICS
5070,PRTASCO,PROTASCO BHD,CONSTRUCTION
9598,PTARAS,PINTARAS JAYA BHD,CONSTRUCTION
0186,PTRANS,PERAK TRANSIT BERHAD,CONSUMER PRODUCTS & SERVICES
0260,PTRB,PT RESOURCES HOLDINGS BERHAD,CONSUMER PRODUCTS & SERVICES
7010,PTT,PTT SYNERGY GROUP BERHAD,PROPERTY
0007,PUC,PUC BERHAD,TELECOMMUNICATIONS & MEDIA
6807,PUNCAK,PUNCAK NIAGA HOLDINGS BHD,CONSTRUCTION
7134,PWF,PWF CORPORATION BERHAD,CONSUMER PRODUCTS & SERVICES
7123,PWORTH,PRICEWORTH INTERNATIONAL BHD,INDUSTRIAL PRODUCTS & SERVICES
7237,PWROOT,POWER ROOT BERHAD,CONSUMER PRODUCTS & SERVICES
0217,PWRWELL,POWERWELL HOLDINGS BERHAD,INDUSTRIAL PRODUCTS & SERVICES
0196,QES,QES GROUP BERHAD,INDUSTRIAL PRODUCTS & SERVICES
7084,QL,QL RESOURCES BHD,CONSUMER PRODUCTS & SERVICES
7544,QUALITY,QUALITY CONCRETE HOLDINGS BHD,INDUSTRIAL PRODUCTS & SERVICES
5313,RADIUM,RADIUM DEVELOPMENT BERHAD,PROPERTY
7498,RALCO,RALCO CORPORATION BHD,INDUSTRIAL PRODUCTS & SERVICES
0236,RAMSSOL,RAMSSOL GROUP BERHAD,TECHNOLOGY
5272,RANHILL,RANHILL UTILITIES BERHAD,UTILITIES
7765,RAPID,RAPID SYNERGY BHD,PROPERTY
9296,RCECAP,RCE CAPITAL BHD,FINANCIAL SERVICES
5256,REACH,REACH ENERGY BHD,ENERGY
03002,REDIDEA,RED IDEAS HOLDINGS BERHAD,TECHNOLOGY
0032,REDTONE,REDTONE DIGITAL BERHAD,TELECOMMUNICATIONS & MEDIA
0081,REKATECH,REKATECH CAPITAL BERHAD,INDUSTRIAL PRODUCTS & SERVICES
7130,RENEUCO,RENEUCO BERHAD,CONSUMER PRODUCTS & SERVICES
7232,RESINTC,RESINTECH BHD,INDUSTRIAL PRODUCTS & SERVICES
0200,REVENUE,REVENUE GROUP BERHAD,TECHNOLOGY
9946,REX,REX INDUSTRY BHD,CONSUMER PRODUCTS & SERVICES
9946OR,REX-OR,REX INDUSTRY BERHAD - ORDINARY RIGHTS,CONSUMER PRODUCTS & SERVICES
0106,REXIT,REXIT BHD,TECHNOLOGY
0037,RGB,RGB INTERNATIONAL BHD,CONSUMER PRODUCTS & SERVICES
03052,RGS,RAY GO SOLAR HOLDINGS BERHAD,INDUSTRIAL PRODUCTS & SERVICES
9954,RGTBHD,RGT BERHAD,INDUSTRIAL PRODUCTS & SERVICES
0202,RGTECH,RADIANT GLOBALTECH BERHAD,TECHNOLOGY
1066,RHBBANK,RHB BANK BERHAD,FINANCIAL SERVICES
5278,RHONEMA,RHONE MA HOLDINGS BERHAD,CONSUMER PRODUCTS & SERVICES
7006,RKI,RHONG KHEN INTERNATIONAL BERHAD,CONSUMER PRODUCTS & SERVICES
0219,RL,RESERVOIR LINK ENERGY BHD,ENERGY
9741,ROHAS,ROHAS TECNIC BERHAD,INDUSTRIAL PRODUCTS & SERVICES
03036,RPLANET,REDPLANET BERHAD,TECHNOLOGY
5113,RSAWIT,RIMBUNAN SAWIT BHD,PLANTATION
5270,RSENA,RED SENA BERHAD,SPECIAL PURPOSE ACQUISITION COMPANY
03039,RTSTECH,RTS TECHNOLOGY HOLDINGS BERHAD,TECHNOLOGY
2542,RVIEW,RIVERVIEW RUBBER ESTATES BHD,PLANTATION
8745,S&FCAP,S & F CAPITAL BERHAD,INDUSTRIAL PRODUCTS & SERVICES
5134,SAB,SOUTHERN ACIDS (M) BHD,INDUSTRIAL PRODUCTS & SERVICES
03056,SAFETY,SAFETYWARE GROUP BERHAD,INDUSTRIAL PRODUCTS & SERVICES
8567,SALCON,SALCON BHD,UTILITIES
0183,SALUTE,SALUTICA BERHAD,CONSUMER PRODUCTS & SERVICES
9822,SAM,SAM ENGINEERING & EQUIPMENT,INDUSTRIAL PRODUCTS & SERVICES
9822OR,SAM-OR,SAM ENGINEERING & EQUIPMENT (M) BERHAD - ORDINARY RIGHTS,INDUSTRIAL PRODUCTS & SERVICES
0223,SAMAIDEN,SAMAIDEN GROUP BERHAD,INDUSTRIAL PRODUCTS & SERVICES
5147,SAMCHEM,SAMCHEM HOLDINGS BERHAD,INDUSTRIAL PRODUCTS & SERVICES
03057,SANCY,SANCY BERHAD,TECHNOLOGY
0133,SANICHI,SANICHI TECHNOLOGY BHD,INDUSTRIAL PRODUCTS & SERVICES
7811,SAPIND,SAPURA INDUSTRIAL BHD,INDUSTRIAL PRODUCTS & SERVICES
5218,SAPNRG,SAPURA ENERGY BERHAD,ENERGY
5218PA,SAPNRG-PA,SAPURA ENERGY BERHAD - RCPS-I A 2019/2024,ENERGY
4596,SAPRES,SAPURA RESOURCES BHD,PROPERTY
5252,SASBADI,SASBADI HOLDINGS BHD,TELECOMMUNICATIONS & MEDIA
5157,SAUDEE,SAUDEE GROUP BERHAD,CONSUMER PRODUCTS & SERVICES
2569,SBAGAN,SUNGEI BAGAN RUBBER CO (M) BHD,PLANTATION
5207,SBCCORP,SBC CORPORATION BHD,PROPERTY
0300,SBH,SBH MARINE HOLDINGS BERHAD,CONSUMER PRODUCTS & SERVICES
5170,SCABLE,SARAWAK CABLE BERHAD,INDUSTRIAL PRODUCTS & SERVICES
0109,SCBUILD,SC ESTATE BUILDER BERHAD,CONSTRUCTION
0109OR,SCBUILD-OR,SC ESTATE BUILDER BERHAD - ORDINARY RIGHTS,CONSTRUCTION
0158,SCC,SCC HOLDINGS BERHAD,CONSUMER PRODUCTS & SERVICES
0225,SCGBHD,SOUTHERN CABLE GROUP BERHAD,INDUSTRIAL PRODUCTS & SERVICES
7247,SCGM,SCGM BHD,INDUSTRIAL PRODUCTS & SERVICES
9237,SCIB,SARAWAK CONSOLIDATED IND BHD,INDUSTRIAL PRODUCTS & SERVICES
0099,SCICOM,SCICOM (MSC) BHD,INDUSTRIAL PRODUCTS & SERVICES
4731,SCIENTX,SCIENTEX BERHAD,INDUSTRIAL PRODUCTS & SERVICES
8125,SCIPACK,SCIENTEX PACKAGING (AYER KEROH) BERHAD,INDUSTRIAL PRODUCTS & SERVICES
7239,SCNWOLF,SCANWOLF CORPORATION BHD,INDUSTRIAL PRODUCTS & SERVICES
7158,SCOMI,SCOMI GROUP BHD,ENERGY
7045,SCOMIES,SCOMI ENERGY SERVICES BHD,ENERGY
0001,SCOMNET,SUPERCOMNET TECHNOLOGIES BHD,HEALTH CARE
0001WA,SCOMNET-WA,SUPERCOMNET TECHNOLOGIES BERHAD 2019/2024,HEALTH CARE
0028,SCOPE,SCOPE INDUSTRIES BHD,INDUSTRIAL PRODUCTS & SERVICES
5285,SDG,SD GUTHRIE BERHAD,PLANTATION
2224,SDRED,SELANGOR DREDGING BHD,PROPERTY
0212,SDS,SDS GROUP BERHAD,CONSUMER PRODUCTS & SERVICES
7073,SEACERA,SEACERA GROUP BERHAD,INDUSTRIAL PRODUCTS & SERVICES
4286,SEAL,SEAL INCORPORATED BHD,PROPERTY
5145,SEALINK,SEALINK INTERNATIONAL BHD,TRANSPORTATION & LOGISTICS
5163,SEB,SEREMBAN ENGINEERING BERHAD,INDUSTRIAL PRODUCTS & SERVICES
0178,SEDANIA,SEDANIA INNOVATOR BERHAD,TELECOMMUNICATIONS & MEDIA
7053,SEEHUP,SEE HUP CONSOLIDATED BHD,TRANSPORTATION & LOGISTICS
03009,SEERS,SEERS BERHAD,CONSUMER PRODUCTS & SERVICES
9792,SEG,SEG INTERNATIONAL BHD,CONSUMER PRODUCTS & SERVICES
5250,SEM,7-ELEVEN MALAYSIA HOLDINGS BERHAD,CONSUMER PRODUCTS & SERVICES
5205,SENDAI,EVERSENDAI CORPORATION BERHAD,CONSTRUCTION
5308,SENFONG,SENG FONG HOLDINGS BERHAD,INDUSTRIAL PRODUCTS & SERVICES
5305,SENHENG,SENHENG NEW RETAIL BERHAD,CONSUMER PRODUCTS & SERVICES
5123,SENTRAL,SENTRAL REIT,REAL ESTATE INVESTMENT TRUSTS
5279,SERBADK,SERBA DINAMIK HOLDINGS BERHAD,ENERGY
7180,SERNKOU,SERN KOU RESOURCES BHD,CONSUMER PRODUCTS & SERVICES
0055,SERSOL,SERSOL BERHAD,INDUSTRIAL PRODUCTS & SERVICES
0251,SFPTECH,SFP TECH HOLDINGS BERHAD,TECHNOLOGY
03033,SGBHD,SUPERGENICS BERHAD,INDUSTRIAL PRODUCTS & SERVICES
5517,SHANG,SHANGRI-LA HOTELS (M) BHD,CONSUMER PRODUCTS & SERVICES
4316,SHCHAN,SIN HENG CHAN (MALAYA) BHD,PLANTATION
7412,SHH,SHH RESOURCES HOLDINGS BHD,CONSUMER PRODUCTS & SERVICES
6017,SHL,SHL CONSOLIDATED BHD,PROPERTY
0241,SIAB,SIAB HOLDINGS BERHAD,CONSTRUCTION
7246,SIGN,SIGNATURE INTERNATIONAL BHD,CONSUMER PRODUCTS & SERVICES
4197,SIME,SIME DARBY BHD,CONSUMER PRODUCTS & SERVICES
5288,SIMEPROP,SIME DARBY PROPERTY BERHAD,PROPERTY
5172,SINARAN,SINARAN ADVANCE GROUP BERHAD,CONSUMER PRODUCTS & SERVICES
0305,SINKUNG,SIN-KUNG LOGISTICS BERHAD,TRANSPORTATION & LOGISTICS
9431,SJC,SENI JAYA CORPORATION BHD,TELECOMMUNICATIONS & MEDIA
7115,SKBSHUT,SKB SHUTTERS CORPORATION BHD,INDUSTRIAL PRODUCTS & SERVICES
03049,SKHAWK,STEEL HAWK BERHAD,ENERGY
7155,SKPRES,SKP RESOURCES BHD,INDUSTRIAL PRODUCTS & SERVICES
5315,SKYWLD,SKYWORLD DEVELOPMENT BERHAD,PROPERTY
03008,SLIC,SL INNOVATION CAPITAL BERHAD,TECHNOLOGY
7248,SLP,SLP RESOURCES BHD,INDUSTRIAL PRODUCTS & SERVICES
0215,SLVEST,SOLARVEST HOLDINGS BERHAD,INDUSTRIAL PRODUCTS & SERVICES
0306,SMART,SMART ASIA CHEMICAL BHD,INDUSTRIAL PRODUCTS & SERVICES
9776,SMCAP,SINMAH CAPITAL BERHAD,CONSUMER PRODUCTS & SERVICES
0203,SMETRIC,SECUREMETRIC BERHAD,TECHNOLOGY
4375,SMI,SOUTH MALAYSIA INDUSTRIES BHD,PROPERTY
03023,SMILE,SMILE-LINK HEALTHCARE GLOBAL BERHAD,HEALTH CARE
7132,SMISCOR,SMIS CORPORATION BHD,INDUSTRIAL PRODUCTS & SERVICES
0117,SMRT,SMRT HOLDINGS BERHAD,TECHNOLOGY
0169,SMTRACK,SMTRACK BERHAD,TECHNOLOGY
03054,SNOWFIT,SNOWFIT GROUP BERHAD,CONSUMER PRODUCTS & SERVICES
0259,SNS,SNS NETWORK TECHNOLOGY BERHAD,TECHNOLOGY
5213,SNTORIA,SENTORIA GROUP BERHAD,PROPERTY
5242,SOLID,SOLID AUTOMOTIVE BHD,CONSUMER PRODUCTS & SERVICES
0093,SOLUTN,SOLUTION GROUP BERHAD,TECHNOLOGY
5126,SOP,SARAWAK OIL PALMS BHD,PLANTATION
0216,SPRING,SPRING ART HOLDINGS BERHAD,CONSUMER PRODUCTS & SERVICES
7103,SPRITZER,SPRITZER BHD,CONSUMER PRODUCTS & SERVICES
8664,SPSETIA,SP SETIA BHD,PROPERTY
8664PA,SPSETIA-PA,S P SETIA BERHAD - ISLAMIC REDEEMABLE CONVERTIBLE PREFERENCE SHARES (RCPS-I),PROPERTY
8664PB,SPSETIA-PB,S P SETIA BERHAD - ISLAMIC REDEEMABLE CONVERTIBLE PREFERENCE SHARES B (RCPS-I B),PROPERTY
8664PC,SPSETIA-PC,S P SETIA BERHAD - ISLAMIC REDEEMABLE CONVERTIBLE PREFERENCE SHARES C (RCPS-I C),PROPERTY
8664PR,SPSETIA-PR,S P SETIA BERHAD - PREFERENCE RIGHTS,PROPERTY
1562,SPTOTO,SPORTS TOTO BERHAD,CONSUMER PRODUCTS & SERVICES
0129,SRIDGE,SILVER RIDGE HOLDINGS BHD,TELECOMMUNICATIONS & MEDIA
0045,SSB8,SOUTHERN SCORE BUILDERS BERHAD,CONSTRUCTION
0287,SSF,SSF HOME GROUP BERHAD,CONSUMER PRODUCTS & SERVICES
5665,SSTEEL,SOUTHERN STEEL BHD,INDUSTRIAL PRODUCTS & SERVICES
6084,STAR,STAR MEDIA GROUP BERHAD,TELECOMMUNICATIONS & MEDIA
0080,STRAITS,STRAITS ENERGY RESOURCES BERHAD,TRANSPORTATION & LOGISTICS
6904,SUBUR,SUBUR TIASA HOLDINGS BHD,INDUSTRIAL PRODUCTS & SERVICES
7207,SUCCESS,SUCCESS TRANSFORMER CORP BHD,INDUSTRIAL PRODUCTS & SERVICES
1201,SUMATEC,SUMATEC RESOURCES BHD,ENERGY
5263,SUNCON,SUNWAY CONSTRUCTION GROUP BERHAD,CONSTRUCTION
03050,SUNMOW,SUNMOW HOLDING BERHAD,CONSTRUCTION
5176,SUNREIT,SUNWAY REAL ESTATE INVT TRUST,REAL ESTATE INVESTMENT TRUSTS
3743,SUNSURIA,SUNSURIA BERHAD,PROPERTY
0262,SUNVIEW,SUNVIEW GROUP BERHAD,INDUSTRIAL PRODUCTS & SERVICES
5211,SUNWAY,SUNWAY BERHAD,INDUSTRIAL PRODUCTS & SERVICES
5211PA,SUNWAY-PA,SUNWAY BERHAD - IRREDEEMABLE CONVERTIBLE PREFERENCE SHARES 2020/2025,INDUSTRIAL PRODUCTS & SERVICES
0148,SUNZEN,SUNZEN BIOTECH BHD,CONSUMER PRODUCTS & SERVICES
7235,SUPERLN,SUPERLON HOLDINGS BHD,INDUSTRIAL PRODUCTS & SERVICES
7106,SUPERMX,SUPERMAX CORPORATION BHD,HEALTH CARE
03018,SUPREME,SUPREME CONSOLIDATED RESOURCES BERHAD,CONSUMER PRODUCTS & SERVICES
6521,SURIA,SURIA CAPITAL HOLDINGS BHD,TRANSPORTATION & LOGISTICS
5303,SWIFT,SWIFT HAULAGE BERHAD,TRANSPORTATION & LOGISTICS
5135,SWKPLNT,SARAWAK PLANTATION BHD,PLANTATION
7186,SWSCAP,SWS CAPITAL BERHAD,CONSUMER PRODUCTS & SERVICES
9717,SYCAL,SYCAL VENTURES BHD,CONSTRUCTION
7082OR,SYF-OR,SYF RESOURCES BERHAD - ORDINARY RIGHTS,CONSUMER PRODUCTS & SERVICES
5173,SYGROUP,SHIN YANG GROUP BERHAD,TRANSPORTATION & LOGISTICS
1538,SYMLIFE,SYMPHONY LIFE BERHAD,PROPERTY
0279,SYNERGY,SYNERGY HOUSE BERHAD,CONSUMER PRODUCTS & SERVICES
0050,SYSTECH,SYSTECH BHD,TECHNOLOGY
7228,T7GLOBAL,T7 GLOBAL BERHAD,ENERGY
5012,TAANN,TA ANN HOLDINGS BHD,PLANTATION
7211,TAFI,TAFI INDUSTRIES BHD,CONSUMER PRODUCTS & SERVICES
6139,TAKAFUL,SYARIKAT TAKAFUL MALAYSIA KELUARGA BERHAD,FINANCIAL SERVICES
2259,TALAMT,TALAM TRANSFORM BERHAD,PROPERTY
8524,TALIWRK,TALIWORKS CORPORATION BHD,UTILITIES
5191,TAMBUN,TAMBUN INDAH LAND BERHAD,PROPERTY
2429,TANCO,TANCO HOLDINGS BHD,PROPERTY
5149,TAS,TAS OFFSHORE BERHAD,TRANSPORTATION & LOGISTICS
5140,TASCO,TASCO BERHAD,TRANSPORTATION & LOGISTICS
0211,TASHIN,TASHIN HOLDINGS BERHAD,INDUSTRIAL PRODUCTS & SERVICES
7097,TAWIN,TA WIN HOLDINGS BHD,INDUSTRIAL PRODUCTS & SERVICES
7097PA,TAWIN-PA,TA WIN HOLDINGS BERHAD - IRREDEEMABLE CONVERTIBLE PREFERENCE SHARES 2019/2024,INDUSTRIAL PRODUCTS & SERVICES
4405,TCHONG,TAN CHONG MOTOR HOLDINGS BHD,CONSUMER PRODUCTS & SERVICES
0221,TCS,TCS GROUP HOLDINGS BERHAD,CONSTRUCTION
0132,TDEX,TECHNODEX BHD,TECHNOLOGY
2054,TDM,TDM BHD,PLANTATION
7439,TECGUAN,TECK GUAN PERDANA BHD,CONSUMER PRODUCTS & SERVICES
8966,TECHBASE,TECHBASE INDUSTRIES BERHAD,CONSUMER PRODUCTS & SERVICES
5289,TECHBND,TECHBOND GROUP BERHAD,INDUSTRIAL PRODUCTS & SERVICES
2739,TECHNAX,TECHNA-X BERHAD,ENERGY
7200,TEKSENG,TEK SENG HOLDINGS BHD,CONSUMER PRODUCTS & SERVICES
0230,TELADAN,TELADAN GROUP BERHAD,PROPERTY
5347,TENAGA,TENAGA NASIONAL BHD,UTILITIES
7252,TEOSENG,TEO SENG CAPITAL BHD,CONSUMER PRODUCTS & SERVICES
8702,TEXCHEM,TEXCHEM RESOURCES BHD,INDUSTRIAL PRODUCTS & SERVICES
0089,TEXCYCL,TEX CYCLE TECHNOLOGY (M) BHD,INDUSTRIAL PRODUCTS & SERVICES
0145,TFP,TFP SOLUTIONS BHD,TECHNOLOGY
9369,TGL,TEO GUAN LEE CORPORATION BHD,CONSUMER PRODUCTS & SERVICES
7034,TGUAN,THONG GUAN INDUSTRIES BHD,INDUSTRIAL PRODUCTS & SERVICES
9075,THETA,THETA EDGE BERHAD,TECHNOLOGY
7206,THHEAVY,TH HEAVY ENGINEERING BERHAD,ENERGY
5112,THPLANT,TH PLANTATIONS BHD,PLANTATION
7889,THRIVEN,THRIVEN GLOBAL BERHAD,PROPERTY
7374,TIENWAH,TIEN WAH PRESS HOLDINGS BHD,INDUSTRIAL PRODUCTS & SERVICES
7079OR,TIGER-OR,TIGER SYNERGY BERHAD-ORDINARY RIGHTS,PROPERTY
5031,TIMECOM,TIME DOTCOM BHD,TELECOMMUNICATIONS & MEDIA
7854,TIMWELL,TIMBERWELL BHD,INDUSTRIAL PRODUCTS & SERVICES
5239,TITIJYA,TITIJAYA LAND BERHAD,PROPERTY
5239PA,TITIJYA-PA,TITIJAYA LAND BERHAD - ICPS 2017/2022,PROPERTY
5297,TJSETIA,TUJU SETIA BERHAD,CONSTRUCTION
4863,TM,TELEKOM MALAYSIA BHD,TELECOMMUNICATIONS & MEDIA
0101,TMCLIFE,TMC LIFE SCIENCES BHD,HEALTH CARE
8397,TNLOGIS,TIONG NAM LOGISTICS HOLDINGS,TRANSPORTATION & LOGISTICS
7230,TOMEI,TOMEI CONSOLIDATED BHD,CONSUMER PRODUCTS & SERVICES
7285,TOMYPAK,TOMYPAK HOLDINGS BHD,INDUSTRIAL PRODUCTS & SERVICES
5010,TONGHER,TONG HERR RESOURCES BHD,INDUSTRIAL PRODUCTS & SERVICES
5268,TOPBLDS,TOP BUILDERS CAPITAL BERHAD,CONSTRUCTION
7113,TOPGLOV,TOP GLOVE CORPORATION BHD,HEALTH CARE
0302,TOPMIX,TOPMIX BERHAD,INDUSTRIAL PRODUCTS & SERVICES
03013,TOPVISN,TOPVISION EYE SPECIALIST BERHAD,HEALTH CARE
7173,TOYOVEN,TOYO VENTURES HOLDINGS BERHAD,INDUSTRIAL PRODUCTS & SERVICES
7176,TPC,TPC PLUS BHD,CONSUMER PRODUCTS & SERVICES
5054,TRC,TRC SYNERGY BHD,CONSTRUCTION
0199,TRIMODE,TRI-MODE SYSTEM (M) BERHAD,TRANSPORTATION & LOGISTICS
0118,TRIVE,TRIVE PROPERTY GROUP BERHAD,TECHNOLOGY
5401,TROP,TROPICANA CORPORATION BERHAD,PROPERTY
0297,TSA,TSA GROUP BERHAD,INDUSTRIAL PRODUCTS & SERVICES
9059,TSH,TSH RESOURCES BHD,PLANTATION
5042,TSRCAP,TSR CAPITAL BHD,CONSTRUCTION
03020,TTV,TT VISION HOLDINGS BERHAD,TECHNOLOGY
0272,TTVHB,TT VISION HOLDINGS BERHAD,TECHNOLOGY
5230,TUNEPRO,TUNE PROTECT GROUP BERHAD,FINANCIAL SERVICES
5167,TURBO,TURBO-MECH BERHAD,INDUSTRIAL PRODUCTS & SERVICES
4359,TURIYA,TURIYA BHD,TECHNOLOGY
7079,TWL,TWL HOLDINGS BERHAD,PROPERTY
5111,TWRREIT,TOWER REITS,REAL ESTATE INVESTMENT TRUSTS
5111TR,TWRREIT-TR,TOWER REAL ESTATE INVESTMENT TRUST - UNIT RIGHTS,REAL ESTATE INVESTMENT TRUSTS
7100,UCHITEC,UCHI TECHNOLOGIES BHD,INDUSTRIAL PRODUCTS & SERVICES
0005,UCREST,UCREST BERHAD,TECHNOLOGY
5148,UEMS,UEM SUNRISE BERHAD,PROPERTY
7133,ULICORP,UNITED U-LI CORPORATION BHD,INDUSTRIAL PRODUCTS & SERVICES
0256,UMC,UMEDIC GROUP BERHAD,HEALTH CARE
2593,UMCCA,UNITED MALACCA BHD,PLANTATION
7137,UMS,UMS HOLDINGS BHD,INDUSTRIAL PRODUCTS & SERVICES
7227,UMSNGB,UMS-NEIKEN GROUP BHD,INDUSTRIAL PRODUCTS & SERVICES
4588,UMW,UMW HOLDINGS BHD,CONSUMER PRODUCTS & SERVICES
7091,UNIMECH,UNIMECH GROUP BHD,INDUSTRIAL PRODUCTS & SERVICES
0257,UNIQUE,UNIQUE FIRE HOLDINGS BERHAD,INDUSTRIAL PRODUCTS & SERVICES
5005,UNISEM,UNISEM (M) BHD,TECHNOLOGY
0247,UNITRAD,UNITRADE INDUSTRIES BERHAD,INDUSTRIAL PRODUCTS & SERVICES
03017,UNIWALL,UNI WALL APS HOLDINGS BERHAD,CONSTRUCTION
5200,UOADEV,UOA DEVELOPMENT BERHAD,PROPERTY
5110,UOAREIT,UOA REITS,REAL ESTATE INVESTMENT TRUSTS
7757,UPA,UPA CORPORATION BHD,CONSUMER PRODUCTS & SERVICES
03043,UTAMA,UCI RESOURCES BERHAD,INDUSTRIAL PRODUCTS & SERVICES
2089,UTDPLT,UNITED PLANTATIONS BHD,PLANTATION
5292,UWC,UWC BERHAD,TECHNOLOGY
7250,UZMA,UZMA BHD,ENERGY
5006,VARIA,VARIA BERHAD,CONSTRUCTION
5243,VELESTO,VELESTO ENERGY BERHAD,ENERGY
7165,VELOCITY,VELOCITY CAPITAL PARTNER BERHAD,INDUSTRIAL PRODUCTS & SERVICES
4995,VERSATL,VERSATILE CREATIVE BHD,INDUSTRIAL PRODUCTS & SERVICES
0069,VINVEST,VINVEST CAPITAL HOLDINGS BERHAD,TECHNOLOGY
0120,VIS,VISDYNAMICS HOLDINGS BHD,TECHNOLOGY
0097,VITROX,VITROX CORPORATION BHD,TECHNOLOGY
7070,VIZIONE,VIZIONE HOLDINGS BERHAD,CONSTRUCTION
7070OR,VIZIONE-OR,VIZIONE HOLDINGS BERHAD - ORDINARY RIGHTS,CONSTRUCTION
0273,VLB,VESTLAND BERHAD,CONSTRUCTION
0232,VOLCANO,VOLCANO BERHAD,INDUSTRIAL PRODUCTS & SERVICES
6963,VS,V.S INDUSTRY BHD,INDUSTRIAL PRODUCTS & SERVICES
0066,VSOLAR,VSOLAR GROUP BERHAD,TECHNOLOGY
5162,VSTECS,VSTECS BERHAD,TECHNOLOGY
0102,WAJA,WAJA KONSORTIUM BERHAD,INDUSTRIAL PRODUCTS & SERVICES
7203,WANGZNG,WANG-ZHENG BHD,CONSUMER PRODUCTS & SERVICES
5016,WARISAN,WARISAN TC HOLDINGS BHD,CONSUMER PRODUCTS & SERVICES
5142,WASCO,WASCO BERHAD,ENERGY
7226,WATTA,WATTA HOLDING BHD,INDUSTRIAL PRODUCTS & SERVICES
3565,WCEHB,WCE HOLDINGS BERHAD,CONSTRUCTION
3565PA,WCEHB-PA,WCE HOLDINGS BERHAD - REDEEMABLE CONVERTIBLE PREFERENCE SHARES A,CONSTRUCTION
9679,WCT,WCT HOLDINGS BERHAD,CONSTRUCTION
0197,WEGMANS,WEGMANS HOLDINGS BERHAD,CONSUMER PRODUCTS & SERVICES
7231,WELLCAL,WELLCALL HOLDINGS BHD,INDUSTRIAL PRODUCTS & SERVICES
0271,WELLS,WELLSPIRE HOLDINGS BERHAD,CONSUMER PRODUCTS & SERVICES
0298,WENTEL,WENTEL ENGINEERING HOLDINGS BERHAD,INDUSTRIAL PRODUCTS & SERVICES
0162,WIDAD,WIDAD GROUP BERHAD,CONSTRUCTION
0008,WILLOW,WILLOWGLEN MSC BHD,TECHNOLOGY
6378,WMG,WMG HOLDINGS BERHAD,PROPERTY
7050,WONG,WONG ENGINEERING CORPORATION,INDUSTRIAL PRODUCTS & SERVICES
7025,WOODLAN,WOODLANDOR HOLDINGS BHD,INDUSTRIAL PRODUCTS & SERVICES
5246,WPRTS,WESTPORTS HOLDINGS BERHAD,TRANSPORTATION & LOGISTICS
5009,WTHORSE,WHITE HORSE BHD,INDUSTRIAL PRODUCTS & SERVICES
4243,WTK,WTK HOLDINGS BHD,INDUSTRIAL PRODUCTS & SERVICES
5156,XDL,XIDELANG HOLDINGS LTD,CONSUMER PRODUCTS & SERVICES
5267,XINHWA,XIN HWA HOLDINGS BERHAD,TRANSPORTATION & LOGISTICS
7121,XL,XL HOLDINGS BERHAD,CONSUMER PRODUCTS & SERVICES
0165,XOX,XOX BHD,TELECOMMUNICATIONS & MEDIA
0165PA,XOX-PA,XOX BHD - ICPS A 2020/2030,TELECOMMUNICATIONS & MEDIA
0140,XOXNET,XOX NETWORKS BERHAD,CONSUMER PRODUCTS & SERVICES
0017,XOXTECH,XOX TECHNOLOGY BERHAD,TELECOMMUNICATIONS & MEDIA
7003,Y&G,Y&G CORPORATION BHD,PROPERTY
5048,YB,YB VENTURES BERHAD,INDUSTRIAL PRODUCTS & SERVICES
0025,YBS,YBS INTERNATIONAL BERHAD,INDUSTRIAL PRODUCTS & SERVICES
5300,YENHER,YENHER HOLDINGS BERHAD,CONSUMER PRODUCTS & SERVICES
0248,YEWLEE,YEW LEE PACIFIC GROUP BERHAD,INDUSTRIAL PRODUCTS & SERVICES
0086,YGL,YGL CONVERGENCE BHD,TECHNOLOGY
7293,YINSON,YINSON HOLDINGS BHD,ENERGY
7293OR,YINSON-OR,YINSON HOLDINGS BERHAD - ORDINARY RIGHTS,ENERGY
7014,YLI,YLI HOLDINGS BHD,INDUSTRIAL PRODUCTS & SERVICES
3158,YNHPROP,YNH PROPERTY BHD,PROPERTY
5159,YOCB,YOONG ONN CORPORATION BERHAD,CONSUMER PRODUCTS & SERVICES
7066,YONGTAI,YONG TAI BHD,PROPERTY
7066PA,YONGTAI-PA,YONG TAI BERHAD - ICPS 2016/2026,PROPERTY
7178,YSPSAH,Y.S.P.SOUTHEAST ASIA HOLDING,HEALTH CARE
4677,YTL,YTL CORPORATION BHD,UTILITIES
6742,YTLPOWR,YTL POWER INTERNATIONAL BHD,UTILITIES
5109,YTLREIT,YTL HOSPITALITY REIT,REAL ESTATE INVESTMENT TRUSTS
0250,YXPM,YX PRECIOUS METALS BHD,CONSUMER PRODUCTS & SERVICES
0301,ZANTAT,ZANTAT HOLDINGS BERHAD,INDUSTRIAL PRODUCTS & SERVICES
7028,ZECON,ZECON BHD,CONSTRUCTION
2283,ZELAN,ZELAN BHD,CONSTRUCTION
0094,ZENTECH,ZEN TECH INTERNATIONAL BERHAD,TECHNOLOGY
5131,ZHULIAN,ZHULIAN CORPORATION BHD,CONSUMER PRODUCTS & SERVICES
03010,ZWORLD,ZENWORLD HOLDINGS BERHAD,TELECOMMUNICATIONS & MEDIA
0309,AGRICOR,AGRICORE CS HOLDINGS BERHAD,CONSUMER PRODUCTS & SERVICES
0308,KTI,KTI LANDMARK BERHAD,PROPERTY
0311,GOHUB,GO HUB CAPITAL BERHAD,TECHNOLOGY
0085R1,MLAB-R1,MLABS SYSTEMS BERHAD - ORDINARY RIGHTS,TECHNOLOGY
0310,UUE,UUE HOLDINGS BERHAD,CONSTRUCTION
